frame_id,frame_index,truth_z_m,theta_total_deg,old_native_s14_estimated_z_m,old_native_s14_signed_error_m,old_native_s14_abs_error_m,old_native_s14_abs_relative_error_percent,b24_estimated_z_m,b24_signed_error_m,b24_abs_error_m,b24_abs_relative_error_percent,midpoint_sigma1p5_epoch03_estimated_z_m,midpoint_sigma1p5_epoch03_signed_error_m,midpoint_sigma1p5_epoch03_abs_error_m,midpoint_sigma1p5_epoch03_abs_relative_error_percent
frame_00000,0,16.1714822371025,1.670119437062559,16.45288705112107,0.28140481401857187,0.28140481401857187,1.740130001026994,17.360874991250274,1.1893927541477751,1.1893927541477751,7.354877782439335,17.102177784586857,0.9306955474843583,0.9306955474843583,5.75516538211351
frame_00001,1,16.165764958873993,1.6079936050513355,15.951912382272283,-0.21385257660170964,0.21385257660170964,1.3228732271300156,16.863753383899777,0.697988425025784,0.697988425025784,4.317694998049764,16.82920144237584,0.6634364835018474,0.6634364835018474,4.103959727174322
frame_00002,2,16.167217723562175,1.5719625419296697,16.92633796776224,0.7591202442000657,0.7591202442000657,4.695429091016202,16.51250389694794,0.34528617338576595,0.34528617338576595,2.1357179651421676,17.044925073507244,0.8777073499450694,0.8777073499450694,5.42893257796544
frame_00003,3,16.16781998418251,1.5288317002976028,16.717095653153326,0.5492756689708145,0.5492756689708145,3.3973390940039425,16.65195758024787,0.48413759606535933,0.48413759606535933,2.9944519207846603,16.943895639089256,0.7760756549067445,0.7760756549067445,4.80012553124666
frame_00004,4,16.169173589557282,1.4836344792382756,18.00100601481557,1.8318324252582876,1.8318324252582876,11.329165433917787,16.713290461975262,0.5441168724179803,0.5441168724179803,3.3651495508056977,17.06065103163528,0.8914774420779992,0.8914774420779992,5.5134385016050045
frame_00005,5,16.163132979014218,1.405779756246942,28.871943817731978,12.70881083871776,12.70881083871776,78.6283875484941,16.737796742035947,0.5746637630217286,0.5746637630217286,3.5553983486237275,17.12706218698543,0.9639292079712121,0.9639292079712121,5.963752257824965
frame_00006,6,16.1643743245069,1.3288897968737372,43.22278483780841,27.058410513301514,27.058410513301514,167.39534713866473,16.930363289391135,0.7659889648842366,0.7659889648842366,4.738747999190519,17.2050730791955,1.0406987546886022,1.0406987546886022,6.43822478863777
frame_00007,7,16.165060761281172,1.254721967480099,17.95741455119486,1.7923537899136868,1.7923537899136868,11.087825875710676,17.005159551647782,0.8400987903666106,0.8400987903666106,5.197003604086843,17.069585241062203,0.9045244797810312,0.9045244797810312,5.595552612753326
frame_00008,8,16.16593232643863,1.1490992359641992,16.271207941589527,0.105275615150898,0.105275615150898,0.6512189524554959,17.278754596945685,1.1128222705070563,1.1128222705070563,6.883749406070984,17.671780132748594,1.5058478063099656,1.5058478063099656,9.3149456270284
frame_00009,9,16.16022217177812,1.0244830018877427,18.402557905416945,2.242335733638825,2.242335733638825,13.875649169940214,16.582944161288168,0.42272198951004825,0.42272198951004825,2.615817932554673,17.12221101637059,0.9619888445924687,0.9619888445924687,5.952819425171433
frame_00010,10,16.16105292427898,0.9105989053269855,18.493896453459268,2.3328435291802876,2.3328435291802876,14.43497240006945,16.7235354398668,0.5624825155878206,0.5624825155878206,3.4804818610722763,17.23953737190441,1.0784844476254314,1.0784844476254314,6.673355088177509
frame_00011,11,16.161931952238263,0.8135335375090506,40.40759510166539,24.24566314942713,24.24566314942713,150.01710947105772,16.759359079098843,0.5974271268605804,0.5974271268605804,3.696508119364052,17.10494816638243,0.9430162141441691,0.9430162141441691,5.834798815704524
frame_00012,12,16.162200724326812,0.7021870669920589,36.906508566031384,20.744307841704572,20.744307841704572,128.35076234686852,16.922145061598016,0.7599443372712038,0.7599443372712038,4.701985516906498,16.979259083418327,0.817058359091515,0.817058359091515,5.055365745221229
frame_00013,13,16.16278667982026,0.6060452541112294,21.335978724686576,5.173192044866315,5.173192044866315,32.006807658516,16.60885951546942,0.4460728356491579,0.4460728356491579,2.7598757843292803,17.013935930978853,0.8511492511585921,0.8511492511585921,5.266104589632914
frame_00014,14,16.155963764762667,0.49268447208687927,18.460959722920546,2.3049959581578783,2.3049959581578783,14.267152314275686,16.661615662094277,0.5056518973316102,0.5056518973316102,3.129815742930012,16.913278993791806,0.757315229029139,0.757315229029139,4.687527405086774
frame_00015,15,16.157016671670956,0.35775134523968755,31.164917325415008,15.007900653744052,15.007900653744052,92.88782055946184,17.09712457829985,0.9401079066288958,0.9401079066288958,5.818573600145143,17.339211558348754,1.1821948866777987,1.1821948866777987,7.316913206821221
frame_00016,16,16.157023943015286,0.23290553472630598,17.110955016406862,0.9539310733915762,0.9539310733915762,5.904126135828143,17.35265758630649,1.1956336432912025,1.1956336432912025,7.40008585435115,17.92497254423421,1.7679486012189223,1.7679486012189223,10.942291151231535
frame_00017,17,16.157698195090305,0.12134956607344757,17.230873153259857,1.0731749581695524,1.0731749581695524,6.641880206028657,17.44572900592713,1.2880308108368261,1.2880308108368261,7.971623156250119,17.70477587318595,1.547077678095647,1.547077678095647,9.574864311834613
frame_00018,18,16.15092147302532,0.09344588337318151,29.986750854648047,13.835829381622727,13.835829381622727,85.66588231346938,17.378257318342776,1.2273358453174552,1.2273358453174552,7.599169170423537,17.570789117820155,1.4198676447948344,1.4198676447948344,8.791248518954449
frame_00019,19,16.151505063617623,0.1982393688997989,35.4702526846507,19.31874762103308,19.31874762103308,119.6095815525569,17.784547832515592,1.633042768897969,1.633042768897969,10.110777679638723,18.070708040788215,1.9192029771705919,1.9192029771705919,11.882502402167638
frame_00020,20,16.151508804648465,0.3027861913415641,31.90338617676106,15.751877372112595,15.751877372112595,97.52573312271078,17.612116658924,1.4606078542755334,1.4606078542755334,9.043166628836342,17.83085338663478,1.6793445819863138,1.6793445819863138,10.397447088676893
frame_00021,21,16.15205277967571,0.42607385118658014,26.419322841240774,10.267270061565064,10.267270061565064,63.56634789160962,17.000176231755095,0.8481234520793848,0.8481234520793848,5.250870979982105,16.98868600546819,0.8366332257924789,0.8366332257924789,5.179733110117265
frame_00022,22,16.146900319724065,0.5472467890463064,40.02667468884683,23.879774369122767,23.879774369122767,147.8907647677288,17.720956201169354,1.5740558814452896,1.5740558814452896,9.748347052855213,17.261720791176757,1.114820471452692,1.114820471452692,6.904238270988119
frame_00023,23,16.14719236349311,0.6624964175111373,21.187523886036306,5.040331522543195,5.040331522543195,31.21490974454969,17.263351288704836,1.1161589252117246,1.1161589252117246,6.9124024789301926,17.01899175588538,0.8717993923922691,0.8717993923922691,5.399077268462499
frame_00024,24,16.147519575033677,0.7816311034466742,42.3661287164117,26.218609141378025,26.218609141378025,162.36926680625092,17.30258174971382,1.1550621746801433,1.1550621746801433,7.153186403105718,16.883902757331246,0.736383182297569,0.736383182297569,4.560348596425425
frame_00025,25,16.141570275156216,0.9041349593806076,22.276727065613418,6.135156790457202,6.135156790457202,38.00842598256957,17.06430931814293,0.9227390429867128,0.9227390429867128,5.716538275132484,16.928134128072383,0.7865638529161671,0.7865638529161671,4.872907898723967
frame_00026,26,16.141602130130636,1.213574943485489,19.198665460372684,3.0570633302420482,3.0570633302420482,18.939032851860453,16.795356814722314,0.6537546845916786,0.6537546845916786,4.050122654004406,17.068778001878435,0.9271758717477994,0.9271758717477994,5.74401391059622
frame_00027,27,16.136887195365723,2.2643845844698647,22.543249582041405,6.406362386675681,6.406362386675681,39.700112599879205,17.342938977402728,1.2060517820370045,1.2060517820370045,7.473881222788524,17.713528084014385,1.5766408886486616,1.5766408886486616,9.770415257667846
frame_00028,28,16.12014356635772,3.7573240627298263,20.84321434392154,4.723070777563823,4.723070777563823,29.299185569418484,16.91301987608408,0.7928763097263598,0.7928763097263598,4.91854372426974,17.22957859962548,1.1094350332677614,1.1094350332677614,6.882290028626797
frame_00029,29,16.084754174133156,5.26563228114156,20.429800250869487,4.345046076736331,4.345046076736331,27.013444095551407,17.49498331665898,1.410229142525825,1.410229142525825,8.767489557246064,17.926856745987717,1.8421025718545607,1.8421025718545607,11.452475753822553
frame_00030,30,16.049187376404944,6.651795027439503,22.54983157554502,6.500644199140076,6.500644199140076,40.504506843113674,16.708807842096075,0.6596204656911304,0.6596204656911304,4.109992925005571,16.88560356432429,0.8364161879193439,0.8364161879193439,5.211579678788093
frame_00031,31,16.009776906179834,7.891175276292687,31.22696567505162,15.217188768871786,15.217188768871786,95.04934926980708,16.84188857904787,0.8321116728680344,0.8321116728680344,5.197521975130311,16.96181101770206,0.9520341115222273,0.9520341115222273,5.946579500147429
frame_00032,32,15.971913703983109,8.691002707514993,17.487519627093693,1.5156059231105843,1.5156059231105843,9.489194289427067,16.63090277060515,0.6589890666220413,0.6589890666220413,4.125924287067123,16.83395201453424,0.8620383105511316,0.8620383105511316,5.397213674753043
frame_00033,33,15.981509856658734,8.469696331833052,20.341221584388414,4.35971172772968,4.35971172772968,27.279723673374924,16.992794363701904,1.01128450704317,1.01128450704317,6.327840836776858,16.730847827661112,0.7493379710023778,0.7493379710023778,4.688780833121123
frame_00034,34,16.013385720560066,7.694472780889432,24.55928990767963,8.545904187119564,8.545904187119564,53.36725372291021,17.23061077333071,1.2172250527706439,1.2172250527706439,7.601297277238579,17.189134596674275,1.1757488761142092,1.1757488761142092,7.3422878623639845
frame_00035,35,16.030183972015788,7.258788605333578,17.31928461250116,1.2891006404853727,1.2891006404853727,8.041708334325927,17.39223061149838,1.3620466394825925,1.3620466394825925,8.496762369417247,17.189435012606705,1.1592510405909167,1.1592510405909167,7.231676458702186
frame_00036,36,16.034364098514008,7.196588708014049,17.52293447774733,1.4885703792333231,1.4885703792333231,9.283625905509263,17.376318808095874,1.3419547095818665,1.3419547095818665,8.369241844185344,17.63793331575226,1.6035692172382525,1.6035692172382525,10.000828267251734
frame_00037,37,16.031800795655013,7.0931289474187835,21.199268261217664,5.167467465562652,5.167467465562652,32.232607748988215,18.11415228327202,2.0823514876170073,2.0823514876170073,12.988880751196536,18.64527366203497,2.613472866379958,2.613472866379958,16.301804767236565
frame_00038,38,16.040818968912117,6.855546388719223,21.389899102876825,5.3490801339647085,5.3490801339647085,33.34667727583913,16.82071538909463,0.7798964201825136,0.7798964201825136,4.8619488923476455,16.82197034999144,0.7811513810793222,0.7811513810793222,4.869772438634408
frame_00039,39,16.053600202852675,6.470504500297857,25.341937176358833,9.288336973506159,9.288336973506159,57.85828011249246,17.170907549959423,1.117307347106749,1.117307347106749,6.959855315869937,17.49120828684487,1.4376080839921954,1.4376080839921954,8.955050990597966
frame_00040,40,16.068289001707992,6.048372179845677,37.897571384043275,21.829282382335283,21.829282382335283,135.85318499072875,17.571329494455263,1.503040492747271,1.503040492747271,9.354079283659289,17.591546334476064,1.5232573327680718,1.5232573327680718,9.479897533621381
frame_00041,41,16.074210021301475,5.635386216318274,41.82027182541751,25.74606180411603,25.74606180411603,160.16999759240085,16.689042049663836,0.6148320283623612,0.6148320283623612,3.824959531744256,17.116455243057324,1.0422452217558487,1.0422452217558487,6.483959214012195
frame_00042,42,16.08597092879411,5.249051535346727,17.430521839732826,1.3445509109387146,1.3445509109387146,8.358531274801384,17.72167193808995,1.6357010092958397,1.6357010092958397,10.168494127811162,17.96391391403912,1.87794298524501,1.87794298524501,11.67441488958224
frame_00043,43,16.097474124015907,4.822708498282606,19.09492202530734,2.9974479012914337,2.9974479012914337,18.620610154108125,16.581440487770717,0.48396636375480995,0.48396636375480995,3.006473935142272,16.651791714722446,0.554317590706539,0.554317590706539,3.443506642321913
frame_00044,44,16.10964026604367,4.377226348356354,29.383847010894012,13.274206744850343,13.274206744850343,82.39915060567844,17.206554047883287,1.0969137818396177,1.0969137818396177,6.80905199448632,16.889750759843707,0.7801104938000378,0.7801104938000378,4.8425072249712215
frame_00045,45,16.1150520747727,3.828045271635409,16.65157153548842,0.53651946071572,0.53651946071572,3.3293064038906466,17.080560565268378,0.9655084904956794,0.9655084904956794,5.9913457680173074,16.90278932078042,0.7877372460077225,0.7877372460077225,4.888207883863345
frame_00046,46,16.12578078376392,3.3505634910104143,24.802604895028956,8.676824111265038,8.676824111265038,53.80715655021933,17.009192325178113,0.8834115414141941,0.8834115414141941,5.478255926086061,16.96958429839596,0.8438035146320431,0.8438035146320431,5.232636645300413
frame_00047,47,16.135741425960667,2.813166054419969,18.792895161390607,2.65715373542994,2.65715373542994,16.46750319855068,17.199488224610867,1.0637467986502003,1.0637467986502003,6.592487884930694,17.226245362756785,1.090503936796118,1.090503936796118,6.758313163358052
frame_00048,48,16.14358264532852,2.3962185028180527,26.06173826788786,9.91815562255934,9.91815562255934,61.43714093989764,17.097154336129126,0.9535716908006044,0.9535716908006044,5.906815802603396,16.90232874772548,0.7587461023969588,0.7587461023969588,4.699985864764149
frame_00049,49,16.144813885980156,1.801444908743446,21.25810359572276,5.113289709742602,5.113289709742602,31.671406966065334,17.985113490258094,1.8402996042779378,1.8402996042779378,11.398704359645906,18.019507073694612,1.8746931877144561,1.8746931877144561,11.611736133684412
frame_00050,50,16.152389038718233,1.1858424045744278,23.055565732747045,6.9031766940288115,6.9031766940288115,42.737806014215536,17.28871859795226,1.136329559234028,1.136329559234028,7.035055659631394,17.55254411079693,1.4001550720786966,1.4001550720786966,8.668408547629964
frame_00051,51,16.156743751385022,0.7915845063869916,33.19636317076155,17.03961941937653,17.03961941937653,105.46444061734793,17.989433705056094,1.8326899536710712,1.8326899536710712,11.343188837255438,19.088943520116267,2.9321997687312447,2.9321997687312447,18.148457472935313
frame_00052,52,16.158621105768983,1.2616498541648282,19.610419044488204,3.4517979387192206,3.4517979387192206,21.36195852433753,16.911308117012798,0.7526870112438147,0.7526870112438147,4.6581141194967985,17.069344636284637,0.9107235305156536,0.9107235305156536,5.636146330521391
frame_00053,53,16.146411330093812,2.321633186746547,18.524171381826168,2.3777600517323556,2.3777600517323556,14.726244755704117,17.06241791994184,0.9160065898480276,0.9160065898480276,5.673128047597593,17.066419882111955,0.9200085520181425,0.9200085520181425,5.69791350665905
frame_00054,54,16.133469687425915,3.5359664526802437,41.9899688054694,25.856499118043487,25.856499118043487,160.26620199494656,16.695982515322807,0.5625128278968923,0.5625128278968923,3.486620291822923,16.602264373537533,0.4687946861116181,0.4687946861116181,2.9057276283042004
frame_00055,55,16.11348722890692,4.733897105817446,58.84328059065167,42.729793361744754,42.729793361744754,265.18029744107344,17.471236677055305,1.357749448148386,1.357749448148386,8.426167649871845,17.14809419879106,1.0346069698841411,1.0346069698841411,6.4207514809587565
frame_00056,56,16.083477621974723,5.786384531922062,21.20332316573895,5.119845543764228,5.119845543764228,31.832950958125036,17.484702108476654,1.4012244865019312,1.4012244865019312,8.712198440139897,18.198470096577182,2.1149924746024595,2.1149924746024595,13.150094303689414
frame_00057,57,16.0696638505434,6.308365129800732,17.478607451222537,1.4089436006791374,1.4089436006791374,8.76772292054817,17.155092439026912,1.0854285884835129,1.0854285884835129,6.754519562939139,17.344816421317184,1.275152570773784,1.275152570773784,7.935153981025337
frame_00058,58,16.102500867587185,5.285610037627159,15.832145175139114,-0.2703556924480708,0.2703556924480708,1.6789671037513887,16.653602812013276,0.5511019444260903,0.5511019444260903,3.4224618210417646,16.85116413659856,0.7486632690113737,0.7486632690113737,4.64936021533377
frame_00059,59,16.136047972752007,4.006468775257729,15.145395113341987,-0.9906528594100195,0.9906528594100195,6.139377256952114,17.496712152291618,1.3606641795396115,1.3606641795396115,8.43245001401387,17.87000640002021,1.7339584272682025,1.7339584272682025,10.745868072505957
frame_00060,60,16.1431343664142,3.4434062960256844,15.073078362649365,-1.070056003764833,1.070056003764833,6.628551676997035,16.80281359951936,0.6596792331051624,0.6596792331051624,4.086438346679598,16.957231538547145,0.8140971721329464,0.8140971721329464,5.042993223340048
frame_00061,61,16.149293628776263,3.2662788223861163,19.20916284031814,3.0598692115418764,3.0598692115418764,18.947387309185626,17.000845621649432,0.8515519928731692,0.8515519928731692,5.272998388956141,16.953294654576457,0.8040010258001935,0.8040010258001935,4.978552277776114
frame_00062,62,16.160134956646463,2.740420570781075,16.64724778087293,0.4871128242264682,0.4871128242264682,3.0142868579579822,17.231232831844466,1.071097875198003,1.071097875198003,6.6280255583971694,17.341341485573952,1.1812065289274898,1.1812065289274898,7.309385299667156
frame_00063,63,16.169935315968065,2.274972840453044,64.06365031541128,47.89371499944322,47.89371499944322,296.18989849728973,17.98735042630283,1.817415110334764,1.817415110334764,11.239470503880359,18.344514640796316,2.174579324828251,2.174579324828251,13.448287097851404
frame_00064,64,16.168554313285835,2.0371158592164935,29.746364272704515,13.57780995941868,13.57780995941868,83.97664810552469,17.455044800853646,1.2864904875678107,1.2864904875678107,7.956744076436635,17.765140986679683,1.5965866733938476,1.5965866733938476,9.874640876716597
frame_00065,65,16.17354441457548,1.9011002662850405,20.27338695726017,4.099842542684687,4.099842542684687,25.349066584254338,17.054965453981158,0.8814210394056765,0.8814210394056765,5.449770420213804,17.37254532503575,1.1990009104602706,1.1990009104602706,7.413346634023768
frame_00066,66,16.1750535986534,2.032825900293103,113.08460910482759,96.9095555061742,96.9095555061742,599.1297334201234,17.109529225534246,0.9344756268808467,0.9344756268808467,5.777264484357835,17.398351332325884,1.223297733672485,1.223297733672485,7.562866646539748
frame_00067,67,16.175220185825527,2.3673221710193464,34.79106778345836,18.615847597632833,18.615847597632833,115.08868122825336,18.140580357943932,1.9653601721184053,1.9653601721184053,12.150438445596345,18.035250923367094,1.8600307375415674,1.8600307375415674,11.49926069736922
frame_00068,68,16.165855917060483,2.767805539407322,23.72030049515795,7.554444578097467,7.554444578097467,46.730866691227625,16.705107188044746,0.5392512709842627,0.5392512709842627,3.335742157736102,16.835927452896147,0.6700715358356639,0.6700715358356639,4.14498025513459
frame_00069,69,16.163142034905338,3.1713229404422822,17.36707423205065,1.2039321971453134,1.2039321971453134,7.4486272195427405,17.81104063126066,1.647898596355322,1.647898596355322,10.195409981528218,17.463039871175816,1.2998978362704783,1.2998978362704783,8.04235855542979
frame_00070,70,16.15839666072381,3.6114614580980815,19.08001328965684,2.9216166289330303,2.9216166289330303,18.08110476724835,17.154735039063443,0.9963383783396331,0.9963383783396331,6.166072038331818,16.87939359867831,0.7209969379544994,0.7209969379544994,4.462057424961138
frame_00071,71,16.147595878810463,4.312934131265541,16.164604439639763,0.017008560829300023,0.017008560829300023,0.10533184603424063,17.485381997341648,1.3377861185311843,1.3377861185311843,8.2847386606119,17.433747878414348,1.2861519996038844,1.2861519996038844,7.964975153308275
frame_00072,72,16.113775452132078,5.506542347362936,36.68694928290038,20.5731738307683,20.5731738307683,127.67444781568048,16.923544151677795,0.8097686995457174,0.8097686995457174,5.025319497291205,16.90731398577499,0.7935385336429128,0.7935385336429128,4.9245971932537795
frame_00073,73,16.068368881191105,7.02342089227378,43.14585416238719,27.077485281196083,27.077485281196083,168.51421249665074,16.61470432295202,0.5463354417609132,0.5463354417609132,3.4000678338946297,16.675258643821405,0.6068897626302991,0.6068897626302991,3.776922020633323
frame_00074,74,16.009835242924996,8.57665580360507,24.204249831259457,8.19441458833446,8.19441458833446,51.183628463357884,16.570894388535883,0.5610591456108871,0.5610591456108871,3.5044654557505717,17.194159203017254,1.1843239600922573,1.1843239600922573,7.397477501310509
frame_00075,75,15.938340347830401,9.992316835896457,19.197944915439546,3.259604567609145,3.259604567609145,20.451342463977795,17.025249139882902,1.0869087920525011,1.0869087920525011,6.819460297197481,16.745502593987734,0.8071622461573327,0.8071622461573327,5.064280398976467
frame_00076,76,15.8726390581651,11.247003097330477,33.51751713039821,17.644878072233112,17.644878072233112,111.16537084711409,16.26179789137043,0.3891588332053306,0.3891588332053306,2.4517588523197853,16.251519472864494,0.3788804146993936,0.3788804146993936,2.3870032784780824
frame_00077,77,15.82183341087466,12.08791451774263,19.626071230074114,3.8042378191994537,3.8042378191994537,24.04422875913183,15.97771032847279,0.15587691759813005,0.15587691759813005,0.9852013578337435,16.044715913079752,0.22288250220509198,0.22288250220509198,1.4087021169866472
frame_00078,78,15.81330940703672,12.23955115150859,46.14417661854442,30.3308672115077,30.3308672115077,191.80594289776468,16.32692840953034,0.5136190024936198,0.5136190024936198,3.2480171561372595,16.469199459224246,0.6558900521875266,0.6558900521875266,4.1477089665725755
frame_00079,79,15.814974549189271,12.1072453309864,22.47057030685805,6.655595757668779,6.655595757668779,42.08413827646639,16.295032577554213,0.48005802836494205,0.48005802836494205,3.0354650706001385,16.107866729947666,0.29289218075839507,0.29289218075839507,1.851992741736089
frame_00080,80,15.814077117791923,12.128016124518915,16.37149119380289,0.557414076010966,0.557414076010966,3.5247967482328573,16.532244338098288,0.7181672203063645,0.7181672203063645,4.541316037332188,16.621545914740583,0.80746879694866,0.80746879694866,5.106012769092938
frame_00081,81,15.801262874069284,12.326992836455188,43.888101079358805,28.08683820528952,28.08683820528952,177.7505913871069,16.61616966645598,0.8149067923866973,0.8149067923866973,5.157225715952127,17.065672383881335,1.264409509812051,1.264409509812051,8.001952248304244
frame_00082,82,15.77948405339517,12.650045714862678,17.587826449794086,1.808342396398917,1.808342396398917,11.460085705462769,17.09048020188597,1.3109961484908013,1.3109961484908013,8.308232031254043,17.708836425981342,1.9293523725861732,1.9293523725861732,12.226967409438505
frame_00083,83,15.752765339542966,12.925653818440264,19.0942743551519,3.341509015608933,3.341509015608933,21.212205879947934,16.464328170808308,0.7115628312653417,0.7115628312653417,4.517066152691044,16.846003720859578,1.0932383813166116,1.0932383813166116,6.9399775706195435
frame_00084,84,15.732664641497305,13.202760261658165,55.47121158823995,39.738546946742645,39.738546946742645,252.58624557423133,16.88204318359471,1.1493785420974056,1.1493785420974056,7.305682592799596,17.140932433130107,1.4082677916328024,1.4082677916328024,8.951235049644934
frame_00085,85,15.716961230501854,13.40051415295492,17.8288758120138,2.111914581511945,2.111914581511945,13.437168613824404,17.251843233692146,1.534882003190292,1.534882003190292,9.76576820849791,17.755616699438804,2.03865546893695,2.03865546893695,12.971053621870228
frame_00086,86,15.703061735764537,13.56952655397547,52.74251494663346,37.03945321086893,37.03945321086893,235.87408515697072,16.66361424172096,0.9605525059564233,0.9605525059564233,6.116975925584723,16.580151864803117,0.8770901290385797,0.8770901290385797,5.585472080524026
frame_00087,87,15.689379540929426,13.626721773141197,19.126889645351042,3.437510104421616,3.437510104421616,21.909789966225652,16.21461631271746,0.525236771788034,0.525236771788034,3.3477217529082695,16.412746188454058,0.7233666475246316,0.7233666475246316,4.6105497393160775
frame_00088,88,15.684662744948263,13.65629448572235,19.40516152083717,3.720498775888906,3.720498775888906,23.720616989913978,16.932022990682317,1.247360245734054,1.247360245734054,7.952738710533036,17.065201299520027,1.380538554571764,1.380538554571764,8.801837674300073
frame_00089,89,15.685213479361707,13.606974489252641,17.41446503909462,1.7292515597329121,1.7292515597329121,11.02472441327131,16.338706002082247,0.6534925227205406,0.6534925227205406,4.166296643526039,16.733917452806196,1.0487039734444892,1.0487039734444892,6.68594007231303
frame_00090,90,15.68872683255578,13.514575266856001,19.96521012474927,4.27648329219349,4.27648329219349,27.258319542662512,16.440222109433535,0.7514952768777547,0.7514952768777547,4.790033537446276,16.845341079033783,1.1566142464780036,1.1566142464780036,7.372263274276061
frame_00091,91,15.696099342331896,13.366323621647743,27.60551884373414,11.909419501402242,11.909419501402242,75.87502628301354,17.30104202692761,1.6049426845957147,1.6049426845957147,10.225105292671241,17.641077942323133,1.9449785999912361,1.9449785999912361,12.391477382827775
frame_00092,92,15.702722080126337,13.126097442500464,38.7970898947548,23.094367814628463,23.094367814628463,147.07238462723055,17.290274454945568,1.5875523748192304,1.5875523748192304,10.110045676911437,17.920173672547364,2.2174515924210265,2.2174515924210265,14.121447103922671
frame_00093,93,15.719255111180402,12.829437677472663,17.18633064716014,1.4670755359797383,1.4670755359797383,9.332983818910561,16.80140772176654,1.0821526105861388,1.0821526105861388,6.884248667842105,16.787541715950642,1.0682866047702397,1.0682866047702397,6.796038344147843
frame_00094,94,15.750903299093457,12.29526875706821,16.418065037788075,0.6671617386946185,0.6671617386946185,4.235704619766264,16.58553871647538,0.8346354173819233,0.8346354173819233,5.298968583153963,16.736809830062004,0.9859065309685473,0.9859065309685473,6.25936501702281
frame_00095,95,15.793359663331403,11.585977067227605,49.68656892433324,33.893209261001836,33.893209261001836,214.60417532119004,16.815288278375082,1.021928615043679,1.021928615043679,6.470622064134747,17.43110631180714,1.6377466484757388,1.6377466484757388,10.369843297358795
frame_00096,96,15.831819525951667,10.782003486911247,22.55048700118674,6.718667475235074,6.718667475235074,42.43774674301821,17.00120639900422,1.169386873052554,1.169386873052554,7.3863075001308856,18.341271911442302,2.5094523854906345,2.5094523854906345,15.850688427676404
frame_00097,97,15.870277781845157,10.063996023104611,21.688008230593145,5.817730448747987,5.817730448747987,36.65802532708781,17.006575987817843,1.136298205972686,1.136298205972686,7.15991378092044,17.41888063765943,1.5486028558142735,1.5486028558142735,9.757881223640593
frame_00098,98,15.90176890591026,9.420717486678278,23.031778317791016,7.130009411880756,7.130009411880756,44.837838193150475,17.03327243313843,1.131503527228169,1.131503527228169,7.11558276266749,17.16301881520943,1.2612499092991705,1.2612499092991705,7.931506971091737
frame_00099,99,15.932903476064526,8.760456563893658,27.706758785980508,11.773855309915982,11.773855309915982,73.89648300828192,16.719702704970945,0.7867992289064194,0.7867992289064194,4.938203699585589,16.868129428328864,0.9352259522643376,0.9352259522643376,5.869777304992129
frame_00100,100,15.960080127967405,7.9845815943992875,20.05286814401926,4.0927880160518555,4.0927880160518555,25.64390644179737,17.228498278359243,1.2684181503918381,1.2684181503918381,7.947442244786383,17.2234338549425,1.2633537269750938,1.2633537269750938,7.9157104278021455
frame_00101,101,15.993939176758687,7.16153490958851,50.70145237578636,34.70751319902767,34.70751319902767,217.00415898456265,17.168541890030646,1.174602713271959,1.174602713271959,7.344048894338753,17.18185454501603,1.1879153682573431,1.1879153682573431,7.427284517772467
frame_00102,102,16.02715491918063,6.255423434386727,24.512980069873468,8.485825150692836,8.485825150692836,52.946547241128584,17.703198530335865,1.676043611155233,1.676043611155233,10.457524243117,17.640565495875666,1.6134105766950348,1.6134105766950348,10.06673102513143
frame_00103,103,16.053499976496905,5.471951583585758,39.41306276915716,23.359562792660252,23.359562792660252,145.5107162105446,17.432633765307976,1.379133788811071,1.379133788811071,8.59086050288217,17.60740408909471,1.553904112597806,1.553904112597806,9.679534773555899
frame_00104,104,16.07061167481318,4.654911785786831,33.09756021920828,17.026948544395104,17.026948544395104,105.95084299797222,17.790587228988702,1.719975554175523,1.719975554175523,10.702614119356584,18.395831113095092,2.3252194382819127,2.3252194382819127,14.468767495179634
frame_00105,105,16.09235707887338,3.8014477035031895,38.225703365978916,22.133346287105535,22.133346287105535,137.53949268353597,17.336635014418988,1.2442779355456075,1.2442779355456075,7.732104933087396,17.901129018582957,1.808771939709576,1.808771939709576,11.239944097960615
frame_00106,106,16.109625426436867,3.0220201499315436,19.16032398870158,3.0506985622647136,3.0506985622647136,18.937116670995547,17.22897224094326,1.1193468145063932,1.1193468145063932,6.94831062098736,17.402630951371062,1.2930055249341947,1.2930055249341947,8.026291677845562
frame_00107,107,16.117858840829097,2.230285327959242,17.533478532194824,1.4156196913657269,1.4156196913657269,8.78292647519494,16.87756309685648,0.7597042560273835,0.7597042560273835,4.713431625936144,17.042353434869014,0.924494594039917,0.924494594039917,5.735839996923321
frame_00108,108,16.126524278464565,1.742271468447583,21.78617860511241,5.659654326647846,5.659654326647846,35.095313961767786,17.37060737114667,1.2440830926821036,1.2440830926821036,7.714514741055876,17.594648315592316,1.468124037127751,1.468124037127751,9.103784620770954
frame_00109,109,16.132546604324933,1.4524930654034995,17.762704145342152,1.630157541017219,1.630157541017219,10.104775030249684,17.319424191743156,1.1868775874182234,1.1868775874182234,7.357038020891484,17.057486814982926,0.9249402106579936,0.9249402106579936,5.733380062946967
frame_00110,110,16.135695087910307,1.6546005143254643,21.004898535070694,4.8692034471603876,4.8692034471603876,30.17659555805963,17.444213000645455,1.308517912735148,1.308517912735148,8.109461077481297,17.30310387346275,1.1674087855524427,1.1674087855524427,7.234945747252781
frame_00111,111,16.127752565043615,2.182244050744063,17.573673736779018,1.445921171735403,1.445921171735403,8.965422590060012,17.601456421073102,1.4737038560294877,1.4737038560294877,9.137688900459036,17.15651169907784,1.0287591340342246,1.0287591340342246,6.378812732184564
frame_00112,112,16.122877386332874,2.907549811951302,20.632824788344056,4.509947402011182,4.509947402011182,27.97234819781113,17.55768264991906,1.4348052635861848,1.4348052635861848,8.899188582817407,17.317851073968246,1.1949736876353718,1.1949736876353718,7.411665169942515
frame_00113,113,16.111739563514544,3.7943173818513194,27.68133405809985,11.569594494585306,11.569594494585306,71.80847511205404,17.394420738178034,1.282681174663491,1.282681174663491,7.961158815949062,17.1144138896509,1.0026743261363578,1.0026743261363578,6.223253064535254
frame_00114,114,16.101445515349756,4.466965457431935,16.45275800019568,0.3513124848459235,0.3513124848459235,2.1818692272753517,17.704959844487878,1.6035143291381218,1.6035143291381218,9.958822191519804,17.40657794335848,1.3051324280087258,1.3051324280087258,8.105684839069404
frame_00115,115,16.08116656215331,5.190597516512261,18.084566650264517,2.0034000881112064,2.0034000881112064,12.45805197258616,16.672911600596777,0.5917450384434666,0.5917450384434666,3.6797395024570307,16.910325542960756,0.8291589808074455,0.8291589808074455,5.15608726271671
frame_00116,116,16.06254355161654,6.0080783994691025,21.214076674883618,5.151533123267079,5.151533123267079,32.0717145868758,16.41477672240465,0.3522331707881108,0.3522331707881108,2.192885389889959,16.733055250868528,0.6705116992519891,0.6705116992519891,4.1743805836063155
frame_00117,117,16.043292143250476,6.715098006349466,18.61348885282916,2.570196709578685,2.570196709578685,16.02038214245188,16.43185430450695,0.38856216125647336,0.38856216125647336,2.421960267175862,16.533291389882997,0.4899992466325216,0.4899992466325216,3.0542312778282708
frame_00118,118,16.023714671028507,7.371467021807012,17.756050419533356,1.7323357485048483,1.7323357485048483,10.811074610789083,17.670160110953184,1.6464454399246762,1.6464454399246762,10.275054653222906,17.558844414156116,1.5351297431276087,1.5351297431276087,9.580361199910671
frame_00119,119,15.995265003782636,8.014432025140303,18.752381072918322,2.7571160691356855,2.7571160691356855,17.23707652535716,16.99195103649411,0.9966860327114748,0.9966860327114748,6.231131728519494,17.34036341925815,1.3450984154755137,1.3450984154755137,8.40935373785566
frame_00120,120,15.970117283866264,8.706545521968112,16.64597263998221,0.6758553561159477,0.6758553561159477,4.2319999540562385,16.556393371262086,0.5862760873958219,0.5862760873958219,3.6710819148967966,16.81666603120582,0.8465487473395559,0.8465487473395559,5.300829870515589
frame_00121,121,15.945062118093343,9.309509158682982,25.654355747060183,9.70929362896684,9.70929362896684,60.892165593694436,16.75133753760205,0.8062754195087081,0.8062754195087081,5.05658374697583,16.793420117098865,0.8483579990055219,0.8483579990055219,5.320506077194046
frame_00122,122,15.922493770311027,9.836848746179426,15.81504265468146,-0.10745111562956744,0.10745111562956744,0.6748384843454613,17.643835468114116,1.7213416978030889,1.7213416978030889,10.810754412180653,18.045385341073832,2.122891570762805,2.122891570762805,13.332657568509363
frame_00123,123,15.89648420516282,10.272725502173964,24.925562678014366,9.029078472851547,9.029078472851547,56.79921645768128,16.342144762329237,0.44566055716641806,0.44566055716641806,2.8035164971992836,16.52009917986498,0.6236149747021624,0.6236149747021624,3.9229742039414375
frame_00124,124,15.874746404310484,10.739187380783541,55.43183813779395,39.55709173348347,39.55709173348347,249.182511178525,17.060422986256206,1.1856765819457227,1.1856765819457227,7.468948175599043,17.12338580743159,1.2486394031211052,1.2486394031211052,7.8655707078385895
frame_00125,125,15.85342076801615,11.165940557535217,45.67783181628243,29.824411048266278,29.824411048266278,188.1260296101913,16.41001430610656,0.5565935380904108,0.5565935380904108,3.51087343378486,16.401713978754852,0.5482932107387022,0.5482932107387022,3.4585167375666264
frame_00126,126,15.832222938025566,11.578748735434898,17.4957713915131,1.6635484534875324,1.6635484534875324,10.507358694981802,17.534100696093184,1.7018777580676172,1.7018777580676172,10.749455491686362,16.881265236306323,1.0490422982807566,1.0490422982807566,6.625994987483308
frame_00127,127,15.813322408019879,11.818531134191547,15.511009404083,-0.3023130039368791,0.3023130039368791,1.9117614637614557,16.465957659852442,0.6526352518325638,0.6526352518325638,4.127122909361372,16.420283847435094,0.6069614394152154,0.6069614394152154,3.8382916869347397
frame_00128,128,15.802608051610708,12.033102704154187,16.040363998204796,0.23775594659408839,0.23775594659408839,1.50453612351573,16.22843954657047,0.4258314949597626,0.4258314949597626,2.6946912406421353,16.315890873022724,0.513282821412016,0.513282821412016,3.248089301054953
frame_00129,129,15.795926674989794,12.160174464489028,20.98397496456368,5.188048289573885,5.188048289573885,32.84421608381034,16.07156935536097,0.27564268037117756,0.27564268037117756,1.7450238029251657,16.649357648517036,0.8534309735272423,0.8534309735272423,5.402854742789528
frame_00130,130,15.788997032199731,12.306092252870698,22.27669728169117,6.487700249491439,6.487700249491439,41.09000867034535,17.668047730026696,1.8790506978269654,1.8790506978269654,11.901013686904058,17.02234138765902,1.2333443554592876,1.2333443554592876,7.81141672864991
frame_00131,131,15.77982139364892,12.36083636160551,26.531823834650385,10.752002441001466,10.752002441001466,68.1376688162576,16.74722504798457,0.9674036543356515,0.9674036543356515,6.130637541468075,16.822370417864516,1.042549024215596,1.042549024215596,6.606849331230087
frame_00132,132,15.77857665944454,12.406132151925485,22.83968587035632,7.061109210911781,7.061109210911781,44.75124317810524,17.018564355484365,1.239987696039826,1.239987696039826,7.85867903552384,16.733889143883896,0.9553124844393572,0.9553124844393572,6.054490877461615
frame_00133,133,15.781806045755678,12.374939887511935,16.758652581612406,0.976846535856728,0.976846535856728,6.189700551537565,16.874392995302678,1.092586949547,1.092586949547,6.923079312844791,16.523425965677298,0.7416199199216198,0.7416199199216198,4.699208175360065
frame_00134,134,15.788978567488625,12.287909005335024,21.143971233292685,5.35499266580406,5.35499266580406,33.916017067947784,16.491736356577093,0.7027577890884675,0.7027577890884675,4.450938900731228,16.15342777637994,0.3644492088913136,0.3644492088913136,2.308250703701363
frame_00135,135,15.796987597112865,12.073038943950849,21.803766240160495,6.00677864304763,6.00677864304763,38.02483610321666,17.102342176488875,1.3053545793760097,1.3053545793760097,8.26331331433458,16.940724902823213,1.1437373057103475,1.1437373057103475,7.240224116649825
frame_00136,136,15.81126036662645,11.87133082378684,49.63811448074623,33.82685411411978,33.82685411411978,213.94154121653494,16.626812301961248,0.8155519353347973,0.8155519353347973,5.158045066769123,16.688925948136482,0.8776655815100316,0.8776655815100316,5.550889436762172
frame_00137,137,15.830105799044611,11.583229697353492,17.75777802984836,1.9276722308037488,1.9276722308037488,12.177254247536924,16.486842349227157,0.6567365501825453,0.6567365501825453,4.148655470276017,16.655559295336044,0.8254534962914324,0.8254534962914324,5.214453439352569
frame_00138,138,15.849503986147884,11.294179345511592,16.01124204677005,0.16173806062216656,0.16173806062216656,1.0204613391278494,16.706025442569867,0.8565214564219836,0.8565214564219836,5.404089977645764,16.777797920382934,0.9282939342350502,0.9282939342350502,5.8569273527194206
frame_00139,139,15.865837455590064,10.924758559841635,16.082722492473348,0.21688503688328353,0.21688503688328353,1.3669939421121933,16.69231828352139,0.8264808279313272,0.8264808279313272,5.209185019351943,16.889662664839214,1.02382520924915,1.02382520924915,6.453017132659595
frame_00140,140,15.888788532106734,10.560489170664095,24.760485059860287,8.871696527753553,8.871696527753553,55.83620494304126,16.469444751448687,0.5806562193419538,0.5806562193419538,3.654502784580538,16.500058728604238,0.6112701964975038,0.6112701964975038,3.847179382256238
frame_00141,141,15.913933661227231,10.12956419192909,39.16070077843367,23.24676711720644,23.24676711720644,146.07806977256007,18.093570237610354,2.179636576383123,2.179636576383123,13.69640355918787,16.978670554175043,1.0647368929478116,1.0647368929478116,6.690595270872222
frame_00142,142,15.940142238100048,9.676896729017237,21.759134036239274,5.818991798139226,5.818991798139226,36.50526896949954,16.659702177612488,0.7195599395124397,0.7195599395124397,4.51413750745932,16.641458489897737,0.7013162517976888,0.7013162517976888,4.399686284614237
frame_00143,143,15.960794413810282,9.16526218168503,16.08353679406015,0.1227423802498695,0.1227423802498695,0.7690242544798715,16.819111485880047,0.8583170720697648,0.8583170720697648,5.377658842138177,17.018264800544905,1.0574703867346233,1.0574703867346233,6.625424520346139
frame_00144,144,15.984154085047285,8.722120537741928,35.287170173002856,19.30301608795557,19.30301608795557,120.76345101060421,17.067854824491445,1.0837007394441596,1.0837007394441596,6.779844173661529,16.85619284544914,0.8720387604018551,0.8720387604018551,5.455645358284066
frame_00145,145,16.01002347015361,8.18270985519138,20.35891192121529,4.348888451061683,4.348888451061683,27.163535763511014,16.63709769340993,0.6270742232563222,0.6270742232563222,3.9167601748075747,16.63467612847222,0.6246526583186096,0.6246526583186096,3.901634869449797
frame_00146,146,16.03643398947823,7.620030104405786,20.41340497681505,4.3769709873368186,4.3769709873368186,27.293917027991522,17.237050920386306,1.200616930908076,1.200616930908076,7.486807426737271,16.88945553288486,0.85302154340663,0.85302154340663,5.319272002530685
frame_00147,147,16.055395378658023,7.01025776731286,16.16624536955424,0.11084999089621661,0.11084999089621661,0.690422056149214,16.85912344050601,0.8037280618479876,0.8037280618479876,5.005968665937435,16.892447814994956,0.8370524363369327,0.8370524363369327,5.213527394346218
frame_00148,148,16.07780781915527,6.437502906128423,16.895488010885686,0.817680191730414,0.817680191730414,5.085769160371609,17.612389645640647,1.5345818264853754,1.5345818264853754,9.544720547393647,18.07039827717404,1.9925904580187677,1.9925904580187677,12.39342129494031
frame_00149,149,16.09965773555451,5.830316389591769,22.502235323777974,6.4025775882234655,6.4025775882234655,39.7684080828874,17.2061209222261,1.10646318667159,1.10646318667159,6.872588255265048,17.23127356493952,1.1316158293850123,1.1316158293850123,7.028819171018463
frame_00150,150,16.12152317153367,5.16105582515067,18.4170536872943,2.2955305157606283,2.2955305157606283,14.238918316440012,17.106965894697964,0.9854427231642937,0.9854427231642937,6.112590681904821,17.27275811486232,1.1512349433286495,1.1512349433286495,7.140981227886859
frame_00151,151,16.133617772316185,4.53954115604775,18.860399750622257,2.7267819783060716,2.7267819783060716,16.901243210217736,16.970686733166335,0.83706896085015,0.83706896085015,5.188352498882699,17.356661303409425,1.2230435310932393,1.2230435310932393,7.580714681315125
frame_00152,152,16.148108276484127,4.012438097403492,17.43178793567805,1.283679659193922,1.283679659193922,7.949412012943309,16.550599617352972,0.4024913408688455,0.4024913408688455,2.4924984027694332,16.702290528887325,0.5541822524031979,0.5541822524031979,3.4318710459121227
frame_00153,153,16.159327031750504,3.563019081581282,17.83085115438603,1.6715241226355246,1.6715241226355246,10.34402063496361,18.444880317372082,2.285553285621578,2.285553285621578,14.143864290454855,18.037782995179136,1.8784559634286317,1.8784559634286317,11.624592779994892
frame_00154,154,16.170733067784816,3.1125591333977103,17.964992515120596,1.7942594473357794,1.7942594473357794,11.095721139014323,17.36405608653266,1.1933230187478436,1.1933230187478436,7.379523326157493,17.294830748411293,1.1240976806264769,1.1240976806264769,6.951433035932637
frame_00155,155,16.17121723521921,2.815019860782002,34.70190105295038,18.530683817731173,18.530683817731173,114.59053173420547,16.755742195859334,0.5845249606401239,0.5845249606401239,3.614600880922495,16.813274676804156,0.6420574415849458,0.6420574415849458,3.9703717552356683
frame_00156,156,16.17626501652408,2.7186028736644863,24.124310128619552,7.948045112095471,7.948045112095471,49.13399418207189,16.80665106840552,0.630386051881441,0.630386051881441,3.8969814801964526,16.94641322067842,0.7701482041543386,0.7701482041543386,4.760976673957993
frame_00157,157,16.176933372729636,2.815056979794718,201.2574074478875,185.08047407515784,185.08047407515784,1144.101108725331,17.290333917532017,1.1134005448023814,1.1134005448023814,6.88264282944568,17.38865640298107,1.2117230302514344,1.2117230302514344,7.490437169594231
frame_00158,158,16.176461578568055,3.0416684163159475,17.906351597805255,1.7298900192371995,1.7298900192371995,10.693871529538352,17.879683563226475,1.7032219846584198,1.7032219846584198,10.529014496686917,17.262539037850335,1.0860774592822793,1.0860774592822793,6.713937124056886
frame_00159,159,16.1641501201812,3.483670176357816,183.4771002425478,167.3129501223666,167.3129501223666,1035.086589015736,17.37122002198989,1.207069901808687,1.207069901808687,7.467574186295392,17.031552793052487,0.867402672871286,0.867402672871286,5.366212676955529
frame_00160,160,16.155890216950034,4.015394499566799,56.124803653268174,39.96891343631814,39.96891343631814,247.39530226805175,16.513648938683797,0.357758721733763,0.357758721733763,2.2144166426584073,16.634303130883755,0.4784129139337203,0.4784129139337203,2.961229047173092
frame_00161,161,16.144802215293073,4.562101510237954,17.38133458776292,1.2365323724698492,1.2365323724698492,7.65901220702816,16.75207290271913,0.6072706874260589,0.6072706874260589,3.7614006001933253,16.856541532061506,0.7117393167684334,0.7117393167684334,4.408473434838628
frame_00162,162,16.13323588998231,5.068745471188222,21.34343139127859,5.21019550129628,5.21019550129628,32.294795271241725,17.301215298387557,1.1679794084052482,1.1679794084052482,7.239585513842808,17.002509422881932,0.8692735328996228,0.8692735328996228,5.3880916316322205
frame_00163,163,16.114376889583607,5.5288364369640375,17.57851405524484,1.4641371656612314,1.4641371656612314,9.085906179888687,17.17999198670197,1.0656150971183642,1.0656150971183642,6.612822229615231,16.941211120817687,0.8268342312340806,0.8268342312340806,5.1310344600947575
frame_00164,164,16.097381916976598,6.105710821289149,38.70858607139066,22.611204154414065,22.611204154414065,140.46510340024838,17.13475366762399,1.0373717506473916,1.0373717506473916,6.444350739752035,16.80011140226489,0.702729485288291,0.702729485288291,4.365489300761259
frame_00165,165,16.078058388531424,6.660992665131087,17.542939830870452,1.4648814423390277,1.4648814423390277,9.111059351444677,16.543590407921798,0.46553201939037336,0.46553201939037336,2.895449239831348,16.712854489059858,0.6347961005284333,0.6347961005284333,3.948213678470263
frame_00166,166,16.06174729628791,7.132423683051519,26.079559782263047,10.017812485975139,10.017812485975139,62.37062693851741,17.084473696151925,1.0227263998640161,1.0227263998640161,6.36746663359834,17.027328825562993,0.9655815292750844,0.9655815292750844,6.01168423001054
frame_00167,167,16.040734868349585,7.501088269976552,96.10590436432729,80.0651694959777,80.0651694959777,499.1365430143508,16.343151401699178,0.30241653334959295,0.30241653334959295,1.8853034841084453,16.503823830206727,0.4630889618571423,0.4630889618571423,2.8869560257546296
frame_00168,168,16.02126220525465,7.990474361305756,22.34226456677482,6.3210023615201685,6.3210023615201685,39.45383503833429,16.700228783262325,0.6789665780076746,0.6789665780076746,4.23790940631998,16.754753957928596,0.7334917526739453,0.7334917526739453,4.578239487481672
frame_00169,169,16.00108926066615,8.448452012546715,21.595817766301476,5.594728505635327,5.594728505635327,34.964672807546165,16.93012350259816,0.9290342419320119,0.9290342419320119,5.806068741930978,17.20940956651367,1.208320305847522,1.208320305847522,7.551487815381501
frame_00170,170,15.981490335638005,8.879489533080847,18.650039362520907,2.6685490268829017,2.6685490268829017,16.697748275279167,17.2770090938079,1.2955187581698961,1.2955187581698961,8.106370125450363,17.348159498152107,1.3666691625141016,1.3666691625141016,8.551575189871315
frame_00171,171,15.961420732270355,9.226658185156161,18.009447453388116,2.048026721117761,2.048026721117761,12.831105422696602,17.309708159986428,1.3482874277160732,1.3482874277160732,8.447164261450382,17.683144453816062,1.7217237215457075,1.7217237215457075,10.786782395033136
frame_00172,172,15.939472947705388,9.524376950073657,18.376239276274045,2.436766328568657,2.436766328568657,15.287621721014613,17.15792530461257,1.2184523569071803,1.2184523569071803,7.644244956559784,16.970913990064137,1.0314410423587486,1.0314410423587486,6.470985871005431
frame_00173,173,15.919955191719046,9.887515222936266,19.48515024742546,3.565195055706413,3.565195055706413,22.39450433604795,16.575429901703156,0.6554747099841105,0.6554747099841105,4.117315043229918,16.676012870501594,0.7560576787825486,0.7560576787825486,4.74911938932982
frame_00174,174,15.898304626783176,10.26899359208323,17.689458400054157,1.791153773270981,1.791153773270981,11.266319367497228,17.05363902045988,1.1553343936767035,1.1553343936767035,7.2670289115630755,17.0207457748581,1.1224411480749232,1.1224411480749232,7.060131092116551
frame_00175,175,15.882227205147396,10.523521988092606,18.965488810687752,3.083261605540356,3.083261605540356,19.413282316859675,16.622047737084014,0.7398205319366173,0.7398205319366173,4.658166152520743,17.299078210327803,1.4168510051804066,1.4168510051804066,8.920984361193424
frame_00176,176,15.870165438597649,10.70608951668481,17.019190769632477,1.149025331034828,1.149025331034828,7.240159754354523,16.315400497020175,0.44523505842252575,0.44523505842252575,2.8054846696158227,16.588454368392448,0.7182889297947987,0.7182889297947987,4.5260330308079615
frame_00177,177,15.86024213042716,10.717353111593392,22.256113739742606,6.395871609315446,6.395871609315446,40.32644367418108,16.80108156694747,0.9408394365203101,0.9408394365203101,5.9320622521604,17.356440515637228,1.496198385210068,1.496198385210068,9.433641510047812
frame_00178,178,15.855695983950254,10.758346855970643,18.562462809033043,2.7067668250827897,2.7067668250827897,17.071258352977274,16.583911235632616,0.7282152516823626,0.7282152516823626,4.59276749768342,16.541959743126775,0.686263759176521,0.686263759176521,4.328184394246608
frame_00179,179,15.850151437914985,10.81411195416366,23.15600617557075,7.305854737655764,7.305854737655764,46.09328034670699,16.416175404020073,0.5660239661050888,0.5660239661050888,3.571095003869229,16.38751522006876,0.5373637821537756,0.5373637821537756,3.390275381649371
frame_00180,180,15.842903163111792,10.897208137287736,19.078798041816633,3.2358948787048405,3.2358948787048405,20.424885801481224,17.25298236911675,1.4100792060049585,1.4100792060049585,8.900383922614326,17.47107039928687,1.6281672361750772,1.6281672361750772,10.276949997182712
frame_00181,181,15.839814535025752,10.912525007950627,17.06839959988411,1.2285850648583576,1.2285850648583576,7.756309659697415,16.96259987856761,1.1227853435418567,1.1227853435418567,7.088374305514122,16.993275141696078,1.1534606066703255,1.1534606066703255,7.282033537196654
frame_00182,182,15.835057323843618,10.832211574189005,17.556108751593488,1.7210514277498703,1.7210514277498703,10.868615076993748,16.796014816394216,0.9609574925505981,0.9609574925505981,6.068544451074627,17.222343786925244,1.387286463081626,1.387286463081626,8.760855326950544
frame_00183,183,15.843579252815152,10.66020508091093,30.58129452442797,14.737715271612819,14.737715271612819,93.02011266800184,16.66974539930008,0.8261661464849279,0.8261661464849279,5.214517081663422,17.198479597261148,1.354900344445996,1.354900344445996,8.551731416404861
frame_00184,184,15.859754202779296,10.348278289704261,16.811234794475858,0.9514805916965621,0.9514805916965621,5.999340087690783,16.83871032407613,0.9789561212968323,0.9789561212968323,6.172580664114442,16.85757707459108,0.9978228718117848,0.9978228718117848,6.291540581612067
frame_00185,185,15.872579844856526,10.098414722215985,36.16131145070573,20.288731605849208,20.288731605849208,127.82252037260172,17.454714161844034,1.5821343169875082,1.5821343169875082,9.967720008037604,17.418967745692775,1.5463879008362493,1.5463879008362493,9.742511399855097
frame_00186,186,15.879784045525938,9.819201619691937,71.66972285446728,55.78993880894134,55.78993880894134,351.3268105472752,17.255271620365093,1.3754875748391555,1.3754875748391555,8.66187834101367,17.032266833513578,1.1524827879876405,1.1524827879876405,7.257546983533115
frame_00187,187,15.890380721266139,9.602840775366277,17.966207945422468,2.0758272241563294,2.0758272241563294,13.063420320560628,16.731063400061192,0.8406826787950532,0.8406826787950532,5.290513132073452,16.97316471965148,1.0827839983853398,1.0827839983853398,6.814084680401943
frame_00188,188,15.903481580471643,9.326141509987476,20.78663463580712,4.883153055335475,4.883153055335475,30.70493105944577,16.5570324595602,0.6535508790885576,0.6535508790885576,4.109483044838886,16.825910532602627,0.9224289521309839,0.9224289521309839,5.800169902819656
frame_00189,189,15.916352603394122,8.92337725056858,18.033883739607724,2.117531136213602,2.117531136213602,13.30412305493938,16.90623726986191,0.9898846664677894,0.9898846664677894,6.219293396759123,17.01814994001766,1.1017973366235392,1.1017973366235392,6.922423523016095
frame_00190,190,15.93623504327159,8.501924195032021,19.831532383471668,3.8952973402000772,3.8952973402000772,24.443021388823603,17.029624452522995,1.0933894092514045,1.0933894092514045,6.861027126435629,17.2546071767021,1.3183721334305076,1.3183721334305076,8.272795486830718
frame_00191,191,15.95316495321684,8.10491004643813,17.878379104497835,1.9252141512809953,1.9252141512809953,12.067913526417778,17.08677162735737,1.1336066741405286,1.1336066741405286,7.105841865641495,16.974050026782873,1.020885073566033,1.020885073566033,6.399263572838436
frame_00192,192,15.967736609200502,7.760186730620474,17.24382491445747,1.2760883052569678,1.2760883052569678,7.991666799674629,16.907381197469228,0.9396445882687257,0.9396445882687257,5.88464483893922,16.929674582656126,0.9619379734556244,0.9619379734556244,6.024260025064305
frame_00193,193,15.987721363767173,7.283413744650347,20.410660111390737,4.422938747623563,4.422938747623563,27.664597393142145,17.764895453050595,1.777174089283422,1.777174089283422,11.115868539659537,17.546674128962042,1.558952765194869,1.558952765194869,9.750937796100883
frame_00194,194,16.00181371283419,6.7547619235131116,19.459915279779963,3.458101566945775,3.458101566945775,21.610685069856917,16.9004866034392,0.8986728906050132,0.8986728906050132,5.616068945261101,17.10871615168016,1.106902438845971,1.106902438845971,6.917356111689917
frame_00195,195,16.021483202016526,6.244834065055995,42.62633226254801,26.604849060531485,26.604849060531485,166.0573414150751,17.397581398970956,1.3760981969544304,1.3760981969544304,8.589081170594925,17.75426861346843,1.7327854114519035,1.7327854114519035,10.815387000086286
frame_00196,196,16.041862138598777,5.663386753168132,17.482801112474768,1.4409389738759906,1.4409389738759906,8.982367267755697,16.880529162965143,0.8386670243663659,0.8386670243663659,5.227990473427804,17.183029031694417,1.1411668930956402,1.1411668930956402,7.113680963195952
frame_00197,197,16.059224590461984,5.169002293761962,20.11214985327683,4.0529252628148456,4.0529252628148456,25.237365851536754,17.17271552248182,1.113490932019836,1.113490932019836,6.933653152102805,17.587503800744017,1.528279210282033,1.528279210282033,9.516519316815087
frame_00198,198,16.07000320023394,4.619546105879383,30.845458710294235,14.775455510060294,14.775455510060294,91.94432213831294,17.728029408187837,1.6580262079538954,1.6580262079538954,10.317522574791761,18.41181378819349,2.34181058795955,2.34181058795955,14.5725583173839
frame_00199,199,16.086135060134374,4.095217196105799,52.59607707468041,36.509942014546034,36.509942014546034,226.96528332046128,17.347175383762714,1.2610403236283396,1.2610403236283396,7.839299613699785,17.498163019121552,1.4120279589871778,1.4120279589871778,8.77791933058271
frame_00200,200,16.10013307572974,3.6021966901347438,27.17151988687173,11.071386811141991,11.071386811141991,68.76580932012067,17.29524426278689,1.195111187057151,1.195111187057151,7.422989496023047,17.424044975444307,1.3239118997145667,1.3239118997145667,8.22298731002607
frame_00201,201,16.11344595974292,3.137826880098578,27.243945583313945,11.130499623571026,11.130499623571026,69.07584914722119,17.838853394849224,1.7254074351063053,1.7254074351063053,10.707873656677677,18.716264219202206,2.602818259459287,2.602818259459287,16.15308274817222
frame_00202,202,16.117164613778073,2.8017949894943945,15.673772199444318,-0.4433924143337542,0.4433924143337542,2.751057180086822,17.67045206216768,1.5532874483896073,1.5532874483896073,9.637473374576999,17.697743249143702,1.5805786353656295,1.5805786353656295,9.806803325781265
frame_00203,203,16.126015576880746,2.5334629170634684,29.43556936232247,13.309553785441725,13.309553785441725,82.53467027852265,17.394742178827563,1.2687266019468169,1.2687266019468169,7.867576438198049,17.713057932629265,1.587042355748519,1.587042355748519,9.841503303666661
frame_00204,204,16.13342152279636,2.3256235688264524,21.222179180363028,5.088757657566667,5.088757657566667,31.54171389110676,17.486441853011257,1.3530203302148962,1.3530203302148962,8.386443807366541,17.978376144581077,1.8449546217847157,1.8449546217847157,11.435606632962596
frame_00205,205,16.138917403713243,2.307792184760204,30.484828204682916,14.345910800969673,14.345910800969673,88.89016804602373,17.5301594305531,1.3912420268398549,1.3912420268398549,8.62041729341621,17.946404469286964,1.8074870655737207,1.8074870655737207,11.199555833638842
frame_00206,206,16.134701280212113,2.4355533667790756,20.757884236944882,4.623182956732769,4.623182956732769,28.65366316017715,16.881052252932815,0.7463509727207018,0.7463509727207018,4.625750175096456,17.007571186898996,0.8728699066868835,0.8728699066868835,5.4098919560251595
frame_00207,207,16.1358534215107,2.6050751707707582,18.780772447401453,2.6449190258907542,2.6449190258907542,16.39156576846945,17.39505973579333,1.259206314282629,1.259206314282629,7.803778835794217,17.59241411423466,1.4565606927239614,1.4565606927239614,9.02685872680413
frame_00208,208,16.136091721321257,2.818934388951276,18.90339129803122,2.767299576709963,2.767299576709963,17.14975115723605,17.04328056187479,0.907188840553534,0.907188840553534,5.622110088497014,17.25328760868041,1.117195887359152,1.117195887359152,6.923584140780242
frame_00209,209,16.126070691717835,3.2393738216824395,17.244418743141182,1.1183480514233466,1.1183480514233466,6.935031309255747,16.908215405984095,0.7821447142662592,0.7821447142662592,4.850187805935637,17.009812385896833,0.8837416941789975,0.8837416941789975,5.480204763289777
frame_00210,210,16.122437834006668,3.5953566147915463,25.077987379573663,8.955549545566996,8.955549545566996,55.547117860037716,17.59649894764481,1.4740611136381432,1.4740611136381432,9.142917025419951,18.26948995108535,2.147052117078683,2.147052117078683,13.31716790713845
frame_00211,211,16.115744759273976,4.041048452005083,109.11381791275525,92.99807315348127,92.99807315348127,577.0634528073209,16.515084683376188,0.3993399241022111,0.3993399241022111,2.4779489255214635,16.791670561738098,0.6759258024641213,0.6759258024641213,4.1941952578713595
frame_00212,212,16.1095766926216,4.440400379317964,65.62927492589397,49.519698233272365,49.519698233272365,307.39292023702296,17.427287467422694,1.3177107748010926,1.3177107748010926,8.179673494491146,17.154714945177176,1.0451382525555744,1.0451382525555744,6.487682901278601
frame_00213,213,16.096019159117297,4.828548638667483,23.082825866940578,6.9868067078232805,6.9868067078232805,43.40704766038832,16.447107042538082,0.3510878834207851,0.3510878834207851,2.1812094030834808,16.649492081407473,0.553472922290176,0.553472922290176,3.438570225462681
frame_00214,214,16.086731652344092,5.26034398065102,16.08107997832863,-0.005651674015460628,0.005651674015460628,0.03513251875894312,17.148595628992066,1.0618639766479738,1.0618639766479738,6.6008683404204325,16.97265788168946,0.8859262293453689,0.8859262293453689,5.507185974699064
frame_00215,215,16.032738097066332,5.510433308940766,19.147285661083654,3.1145475640173217,3.1145475640173217,19.42617377743619,16.372495657353994,0.33975756028766213,0.33975756028766213,2.1191486958165364,16.57902371137532,0.5462856143089887,0.5462856143089887,3.4073132798754315
frame_00216,216,15.930318458419725,5.814161312223656,15.796869931323807,-0.13344852709591848,0.13344852709591848,0.8377015653782257,17.34179598804735,1.4114775296276232,1.4114775296276232,8.860322116671863,17.465765793413066,1.535447334993341,1.535447334993341,9.63852253802123
frame_00217,217,15.818608923220888,6.426155842349893,17.495022015948944,1.6764130927280565,1.6764130927280565,10.597727656489251,16.673636762994178,0.8550278397732907,0.8550278397732907,5.405202467064944,16.924927202030123,1.1063182788092352,1.1063182788092352,6.993777292168959
frame_00218,218,15.707953006463562,6.939316712555393,17.61988097321238,1.9119279667488165,1.9119279667488165,12.171719421124383,16.279991541549926,0.5720385350863637,0.5720385350863637,3.6417127989304485,16.453069424549316,0.7451164180857539,0.7451164180857539,4.743561543500613
frame_00219,219,15.606875942833781,7.171633581790295,29.825565486182157,14.218689543348376,14.218689543348376,91.10528971608299,15.928234926084748,0.3213589832509669,0.3213589832509669,2.0590859082116655,16.08533291783273,0.4784569749989487,0.4784569749989487,3.0656806445536082
frame_00220,220,15.507201460020037,7.368551321492415,22.971420186752642,7.4642187267326054,7.4642187267326054,48.13388634936172,17.448557225371466,1.94135576535143,1.94135576535143,12.519059421240804,16.60327321472442,1.0960717547043846,1.0960717547043846,7.068146741565375
frame_00221,221,15.40520462496325,7.614698002753003,15.981906566828387,0.5767019418651369,0.5767019418651369,3.743552623316827,15.965395951033543,0.5601913260702922,0.5601913260702922,3.6363770537817737,15.828150557305877,0.42294593234262656,0.42294593234262656,2.7454742902750344
frame_00222,222,15.299685473548452,7.93501658971943,48.73650084646034,33.43681537291189,33.43681537291189,218.54576965468098,16.325861869947424,1.0261763963989718,1.0261763963989718,6.707173151847618,16.475822041484403,1.1761365679359503,1.1761365679359503,7.6873251412218035
frame_00223,223,15.197793718509345,8.153127771252416,17.833021400268045,2.6352276817586997,2.6352276817586997,17.33954105818178,16.990742771421125,1.79294905291178,1.79294905291178,11.79742985146688,17.024750249125447,1.8269565306161013,1.8269565306161013,12.021195737056601
frame_00224,224,15.099412140976513,8.303777264039208,14.980496528432504,-0.11891561254400962,0.11891561254400962,0.7875512730810134,15.868152759536956,0.7687406185604431,0.7687406185604431,5.091195679560587,15.978700438721713,0.8792882977451999,0.8792882977451999,5.823328017910068
frame_00225,225,15.003354302437929,8.390380583528716,16.625859078333292,1.6225047758953632,1.6225047758953632,10.81428021486981,15.53875708229965,0.5354027798617214,0.5354027798617214,3.568553865149492,15.619456243894998,0.6161019414570692,0.6161019414570692,4.106427996284521
frame_00226,226,14.906898034895027,8.491163308538459,17.88576221366611,2.9788641787710812,2.9788641787710812,19.98312574351796,15.783343847813226,0.8764458129181989,0.8764458129181989,5.879464734155678,15.718735898701667,0.8118378638066392,0.8118378638066392,5.446054986800317
frame_00227,227,14.809213048303977,8.619573340352106,21.494140866991152,6.684927818687175,6.684927818687175,45.140331203843175,15.308913487612553,0.499700439308576,0.499700439308576,3.374253835627033,15.392618737703133,0.5834056893991555,0.5834056893991555,3.9394779958680513
frame_00228,228,14.715781154317716,8.657918777677908,92.02115585843305,77.30537470411534,77.30537470411534,525.3229433996671,15.026241863257894,0.3104607089401785,0.3104607089401785,2.109712734135674,15.148901473207628,0.4331203188899124,0.4331203188899124,2.9432370211813854
frame_00229,229,14.625362743728397,8.631822378588986,16.830091830448257,2.20472908671986,2.20472908671986,15.074696780873248,15.279993025349727,0.6546302816213299,0.6546302816213299,4.475993471697284,15.013904832722305,0.3885420889939084,0.3885420889939084,2.656632151982157
frame_00230,230,14.533603495429611,8.635533331792523,20.420925141665805,5.8873216462361935,5.8873216462361935,40.5083408811007,15.474287909266996,0.9406844138373849,0.9406844138373849,6.472478859996437,15.273502252498606,0.7398987570689943,0.7398987570689943,5.090951857202314
frame_00231,231,14.444186660566979,8.586965353052596,15.88075466370991,1.4365680031429306,1.4365680031429306,9.945648286758853,14.782191434781996,0.3380047742150172,0.3380047742150172,2.3400748145811447,14.942876170357993,0.49868950979101356,0.49868950979101356,3.4525274528087446
frame_00232,232,14.354159684394125,8.563163509701203,17.622432167033754,3.268272482639629,3.268272482639629,22.768817921072053,15.612745777832025,1.2585860934379003,1.2585860934379003,8.768093159826263,15.186258221551112,0.8320985371569876,0.8320985371569876,5.796915705637907
frame_00233,233,14.265819696181211,8.483225022920633,16.53342722319998,2.267607527018768,2.267607527018768,15.895388945829586,15.016168912162861,0.7503492159816503,0.7503492159816503,5.259769378569321,14.969046606863323,0.7032269106821118,0.7032269106821118,4.929453236187734
frame_00234,234,14.179917904312074,8.342995044758194,49.19744427832571,35.01752637401364,35.01752637401364,246.95154520862852,14.881423818257812,0.7015059139457378,0.7015059139457378,4.947178951807696,14.789794929244305,0.6098770249322314,0.6098770249322314,4.300991226097081
frame_00235,235,14.094918340641556,8.184212655119246,15.246296024403263,1.151377683761707,1.151377683761707,8.168743201880089,15.302079168913394,1.2071608282718387,1.2071608282718387,8.564510975498795,14.838044621304975,0.7431262806634198,0.7431262806634198,5.272299297546658
frame_00236,236,14.010052827464136,7.997608195700583,17.60403996494806,3.593987137483925,3.593987137483925,25.65291638614362,14.323754904027238,0.3137020765631018,0.3137020765631018,2.2391212968743877,14.62697508260243,0.6169222551382934,0.6169222551382934,4.403425616846572
frame_00237,237,13.925857476452546,7.78336398566665,15.97052133448213,2.044663858029585,2.044663858029585,14.682498808327889,15.16137959950765,1.2355221230551052,1.2355221230551052,8.872143960573123,14.38834875868671,0.4624912822341649,0.4624912822341649,3.32109734008264
frame_00238,238,13.841415043157749,7.573052441151363,19.881963880460543,6.040548837302794,6.040548837302794,43.641122085193366,15.14619981269727,1.3047847695395216,1.3047847695395216,9.426671806828871,14.700131286030487,0.8587162428727382,0.8587162428727382,6.203962818795965
frame_00239,239,13.758505911886072,7.294425457092677,18.04568935451733,4.287183442631257,4.287183442631257,31.160239855168637,14.866733854375193,1.1082279424891208,1.1082279424891208,8.054856752517836,14.662060814354723,0.9035549024686507,0.9035549024686507,6.5672458060149035
frame_00240,240,13.677578361121377,6.948676399709861,43.656349683633586,29.97877132251221,29.97877132251221,219.18186488133819,15.049181685152968,1.3716033240315912,1.3716033240315912,10.0281152687846,14.990172805956945,1.3125944448355682,1.3125944448355682,9.5966874411528
frame_00241,241,13.595465969208462,6.607756476010401,87.59615396712601,74.00068799791755,74.00068799791755,544.3041685038024,14.193983520733669,0.598517551525207,0.598517551525207,4.402332019224297,14.340987557103201,0.7455215878947392,0.7455215878947392,5.48360453097544
frame_00242,242,13.51454915863729,6.21986356566466,16.18880915402214,2.674259995384851,2.674259995384851,19.788007457693872,14.14074175958164,0.6261926009443499,0.6261926009443499,4.6334701483115595,13.997189405694575,0.4826402470572848,0.4826402470572848,3.5712641346146894
frame_00243,243,13.432115276325506,5.849603752799843,20.819301181615728,7.387185905290222,7.387185905290222,54.99644511174165,13.926998649207963,0.4948833728824571,0.4948833728824571,3.684329405322358,13.79553829607988,0.3634230197543733,0.3634230197543733,2.705627611720374
frame_00244,244,13.34929772785864,5.457008518076881,13.977424411451436,0.6281266835927948,0.6281266835927948,4.70531631249753,14.059916741669703,0.710619013811062,0.710619013811062,5.3232688962211965,13.998914205572406,0.6496164777137654,0.6496164777137654,4.866297021438672
frame_00245,245,13.266284299712318,5.037935411460726,16.948580155403164,3.682295855690846,3.682295855690846,27.756798908423043,14.184429032378018,0.9181447326657004,0.9181447326657004,6.920888410974357,13.984612739819893,0.7183284401075749,0.7183284401075749,5.414692040959443
frame_00246,246,13.18256861676197,4.588255459248605,13.7484903518957,0.5659217351337311,0.5659217351337311,4.292954973996094,14.563368821564888,1.3808002048029184,1.3808002048029184,10.474439731322134,14.353279299713089,1.1707106829511194,1.1707106829511194,8.880747879912652
frame_00247,247,13.097454384263674,4.1748386221491085,14.78636167745826,1.6889072931945854,1.6889072931945854,12.894927851199645,13.912585776785287,0.8151313925216126,0.8151313925216126,6.223586420739717,13.632872242466668,0.5354178582029938,0.5354178582029938,4.087953601474554
frame_00248,248,13.010658633256504,3.8137544273195827,46.67558017081613,33.66492153755963,33.66492153755963,258.7487881013866,14.521340189244706,1.5106815559882012,1.5106815559882012,11.61110746635649,14.05057597645839,1.0399173432018856,1.0399173432018856,7.992810913843793
frame_00249,249,12.922184379091547,3.4288664496513572,13.504338895220853,0.5821545161293056,0.5821545161293056,4.505078236395138,14.018142521696996,1.0959581426054488,1.0959581426054488,8.481214247172787,13.900898295151702,0.9787139160601548,0.9787139160601548,7.573904591887275
frame_00250,250,12.832342661564233,3.1031997073692117,16.99730746755334,4.164964805989108,4.164964805989108,32.456776722960484,14.024407629109565,1.1920649675453312,1.1920649675453312,9.289535036465596,13.493073060435771,0.6607303988715376,0.6607303988715376,5.14894603656879
frame_00251,251,12.740114733318899,2.8819866070512483,12.809259014529971,0.06914428121107186,0.06914428121107186,0.5427288737851047,13.954347787731335,1.2142330544124356,1.2142330544124356,9.530785866762114,13.235058123477442,0.49494339015854294,0.49494339015854294,3.884920980060957
frame_00252,252,12.646704523209081,2.700455829959717,28.94220444391769,16.295499920708608,16.295499920708608,128.85174861801588,13.900160817448509,1.2534562942394274,1.2534562942394274,9.91132742873133,13.330219921742556,0.6835153985334745,0.6835153985334745,5.404691769931804
frame_00253,253,12.550877910194687,2.6813277843233005,12.56164370998286,0.010765799788172714,0.010765799788172714,0.08577726486708942,13.104501792457706,0.5536238822630182,0.5536238822630182,4.411037110107865,13.2510280808401,0.7001501706454132,0.7001501706454132,5.578495589353977
frame_00254,254,12.452895625708257,2.819362825329238,12.942595342510007,0.4896997168017503,0.4896997168017503,3.9324164557421857,13.053879359862758,0.6009837341545019,0.6009837341545019,4.826056141623857,12.956414454223815,0.5035188285155581,0.5035188285155581,4.043387527283804
frame_00255,255,12.437117166331637,3.1440936087833338,96.24946085176538,83.81234368543375,83.81234368543375,673.888832633346,13.022996167093117,0.58587900076148,0.58587900076148,4.710729929822529,13.270432527658254,0.8333153613266173,0.8333153613266173,6.700229242693595
frame_00256,256,12.425504150803423,3.381412748009049,25.091725202010196,12.666221051206772,12.666221051206772,101.93728075321421,12.676082515818306,0.2505783650148832,0.2505783650148832,2.0166454573891954,12.723698789136808,0.2981946383333849,0.2981946383333849,2.3998594722138806
frame_00257,257,12.425502162691052,3.5904403892137893,12.945124981185142,0.5196228184940903,0.5196228184940903,4.181905984084213,13.835093255136757,1.4095910924457051,1.4095910924457051,11.34433903748501,13.33804023417155,0.9125380714804976,0.9125380714804976,7.3440739821404915
frame_00258,258,12.410135898109697,3.9645265523766735,16.474447801067836,4.0643119029581385,4.0643119029581385,32.74993873014083,12.902964165838062,0.4928282677283651,0.4928282677283651,3.9711754309107308,12.721736913734487,0.3116010156247899,0.3116010156247899,2.51085901220673
frame_00259,259,12.392870957035592,4.467966910485111,15.750316657407659,3.3574457003720664,3.3574457003720664,27.091750668685865,13.012024144156692,0.6191531871210998,0.6191531871210998,4.996043203125573,12.955097425751713,0.5622264687161209,0.5622264687161209,4.536692673273885
frame_00260,260,12.386965948459064,4.98539110968201,15.202852768589914,2.8158868201308493,2.8158868201308493,22.732659731587827,13.117420925425417,0.7304549769663531,0.7304549769663531,5.896964438311236,13.179500989166737,0.7925350407076728,0.7925350407076728,6.398136912665558
frame_00261,261,12.367490071928245,5.415471189983618,14.015584658953612,1.6480945870253674,1.6480945870253674,13.326023125470027,12.616568176202087,0.24907810427384192,0.24907810427384192,2.013974564161567,13.021676297144985,0.6541862252167405,0.6541862252167405,5.289563374719126
frame_00262,262,12.322712213792615,5.566604594188069,11.938328263473135,-0.3843839503194797,0.3843839503194797,3.1193128886775825,13.220131413444898,0.8974191996522833,0.8974191996522833,7.282643496679379,12.906417986132706,0.5837057723400907,0.5837057723400907,4.736828729041957
frame_00263,263,12.219415292729012,5.8806645167269505,12.946839387777384,0.7274240950483719,0.7274240950483719,5.953018844373144,13.095167542497109,0.8757522497680963,0.8757522497680963,7.166891612966131,12.66194382132042,0.44252852859140823,0.44252852859140823,3.6215196716877975
frame_00264,264,12.134224506364877,6.868913957049141,22.612864862428577,10.4786403560637,10.4786403560637,86.35607780758664,13.050350104113376,0.9161255977484988,0.9161255977484988,7.549931165917978,12.6828352212857,0.548610714920823,0.548610714920823,4.521184807756401
frame_00265,265,12.093819004316426,7.743955494890468,13.764876566273973,1.6710575619575465,1.6710575619575465,13.817451388689763,12.845777962828281,0.7519589585118549,0.7519589585118549,6.21771301723196,12.811178014842255,0.7173590105258292,0.7173590105258292,5.931616888509703
frame_00266,266,12.096279961169845,7.78212955438695,16.56232576747178,4.466045806301935,4.466045806301935,36.92082045586202,12.451649720671249,0.3553697595014036,0.3553697595014036,2.937843375336655,12.746575790273337,0.6502958291034915,0.6502958291034915,5.375998498637598
frame_00267,267,12.094506788290625,7.6157405926335695,13.357373868156357,1.2628670798657318,1.2628670798657318,10.441658365832534,12.582843686834778,0.4883368985441532,0.4883368985441532,4.037675178428439,12.700627588619533,0.6061208003289078,0.6061208003289078,5.011537972889705
frame_00268,268,12.090289445362988,7.872980482704286,14.191663804759683,2.1013743593966954,2.1013743593966954,17.380678675171332,12.276328630549704,0.1860391851867167,0.1860391851867167,1.5387488118249202,12.222390283058843,0.13210083769585523,0.13210083769585523,1.0926193148049084
frame_00269,269,12.06569488776772,8.315211444796022,12.61483403727537,0.549139149507651,0.549139149507651,4.551243460203621,12.774866367460389,0.7091714796926691,0.7091714796926691,5.877585056552623,12.724470728892568,0.6587758411248483,0.6587758411248483,5.459908005735498
frame_00270,270,12.049149314950288,8.811800458001546,12.689404976356345,0.6402556614060568,0.6402556614060568,5.313700118328216,12.63801033775376,0.5888610228034725,0.5888610228034725,4.887158482406955,12.50188959686477,0.45274028191448146,0.45274028191448146,3.757446024448651
frame_00271,271,12.04102959812172,9.050554260083317,13.776913378987226,1.7358837808655068,1.7358837808655068,14.416406559919821,13.098335045590108,1.057305447468389,1.057305447468389,8.78085581347062,12.675712159287112,0.634682561165393,0.634682561165393,5.270999095163733
frame_00272,272,12.040143929409494,9.116632493866266,12.876088141298842,0.8359442118893483,0.8359442118893483,6.942975240083753,12.56404476337321,0.523900833963717,0.523900833963717,4.351283813842345,12.327348414026778,0.2872044846172841,0.2872044846172841,2.385390791847203
frame_00273,273,12.050002532222253,8.879888843157643,13.627373291732313,1.5773707595100603,1.5773707595100603,13.09021102105248,12.158133610453664,0.10813107823141088,0.10813107823141088,0.8973531577463447,12.355305125440276,0.30530259321802333,0.30530259321802333,2.533630946563126
frame_00274,274,12.103578908859864,7.285265511945992,12.919856860963737,0.8162779521038726,0.8162779521038726,6.744104022871732,12.920157952415147,0.8165790435552829,0.8165790435552829,6.746591646191062,12.726713575765535,0.6231346669056705,0.6231346669056705,5.148350513495918
frame_00275,275,12.1700428405333,4.495941064901584,13.53027131332729,1.36022847279399,1.36022847279399,11.176858542055747,13.395310126324322,1.2252672857910216,1.2252672857910216,10.067896241993257,12.917847527877905,0.7478046873446047,0.7478046873446047,6.14463479827681
frame_00276,276,12.217120787990625,1.4194492145749917,14.146756562946875,1.9296357749562496,1.9296357749562496,15.794521544332058,12.598714283480703,0.3815934954900779,0.3815934954900779,3.1234322890969746,12.727094867805784,0.5099740798151586,0.5099740798151586,4.174257492129086
frame_00277,277,12.222870777711119,2.5681383454448,12.998286004818747,0.7754152271076276,0.7754152271076276,6.343969769537509,12.980910292559683,0.7580395148485639,0.7580395148485639,6.2018123944407435,12.763750532031722,0.5408797543206028,0.5408797543206028,4.425144993816985
frame_00278,278,12.192485159453536,5.265556951404238,13.143466996471195,0.9509818370176593,0.9509818370176593,7.799737498801122,13.238880063123831,1.0463949036702953,1.0463949036702953,8.582293847279898,12.816119677079627,0.6236345176260905,0.6236345176260905,5.1149089744230745
frame_00279,279,12.14632069408007,7.513734993863463,13.531301611536502,1.3849809174564331,1.3849809174564331,11.402472833863603,12.67802619129243,0.5317054972123607,0.5317054972123607,4.377502542572467,12.666429587184755,0.5201088931046858,0.5201088931046858,4.282028329436246
frame_00280,280,12.1308811543819,7.996082913109326,12.508889136426003,0.37800798204410313,0.37800798204410313,3.1160801695560227,12.53776688502794,0.4068857306460405,0.4068857306460405,3.3541317029477766,12.692611032058513,0.5617298776766138,0.5617298776766138,4.630577701057655
frame_00281,281,12.155218760488491,6.792527513486947,14.79856082776588,2.6433420672773895,2.6433420672773895,21.746561039853795,13.158000140314677,1.0027813798261853,1.0027813798261853,8.249801172528512,12.67244157474296,0.5172228142544686,0.5172228142544686,4.2551501905974956
frame_00282,282,12.176141010552955,5.767556796707681,15.152685812826869,2.9765448022739136,2.9765448022739136,24.445715598186386,13.319863708341577,1.143722697788622,1.143722697788622,9.393145963054858,13.03441472134679,0.858273710793835,0.858273710793835,7.048815466657101
frame_00283,283,12.173478667472855,5.808484684794499,14.278733282010597,2.105254614537742,2.105254614537742,17.29377996252554,13.367431546031469,1.1939528785586138,1.1939528785586138,9.807820025584121,12.65268913769704,0.47921047022418506,0.47921047022418506,3.936512177941545
frame_00284,284,12.166676660035478,6.0024179002516185,43.24763675780157,31.080960097766095,31.080960097766095,255.45973618136298,12.44603386856534,0.2793572085298628,0.2793572085298628,2.2960847595094074,12.63600848232941,0.4693318222939329,0.4693318222939329,3.8575186586126002
frame_00285,285,12.17606190123526,5.764882301264647,12.219748978198451,0.04368707696319163,0.04368707696319163,0.3587948001377981,12.763636404863272,0.5875745036280122,0.5875745036280122,4.825653059207943,12.660999901664427,0.48493800042916746,0.48493800042916746,3.9827162867821047
frame_00286,286,12.183847079741403,5.1497106964126225,13.041198432505766,0.857351352764363,0.857351352764363,7.036786879818258,12.838144501542532,0.6542974218011288,0.6542974218011288,5.370203824119368,12.932986500261963,0.7491394205205602,0.7491394205205602,6.148627897391997
frame_00287,287,12.189700943920801,4.645152334735608,45.261468173663935,33.07176722974313,33.07176722974313,271.3090943074904,12.845459743097255,0.6557587991764535,0.6557587991764535,5.379613513024624,12.719486088978341,0.5297851450575397,0.5297851450575397,4.346170160324991
frame_00288,288,12.201322871668362,4.253902789402993,12.654806387554466,0.4534835158861039,0.4534835158861039,3.716674992177273,12.851923698434515,0.6506008267661532,0.6506008267661532,5.332215478674506,12.985260690759345,0.7839378190909834,0.7839378190909834,6.425023149836463
frame_00289,289,12.201585287244967,3.8810459383735703,13.992019269810202,1.7904339825652347,1.7904339825652347,14.673781647347745,12.913222018344044,0.7116367310990768,0.7116367310990768,5.832330097655363,12.954712382148532,0.7531270949035651,0.7531270949035651,6.1723708614392345
frame_00290,290,12.2047598238081,3.2532528793037905,15.667819444706012,3.463059620897912,3.463059620897912,28.374664236673002,13.088728801285745,0.8839689774776449,0.8839689774776449,7.242821573213318,12.682763568664827,0.4780037448567267,0.4780037448567267,3.916535448114874
frame_00291,291,12.204017001157487,2.8105017525503704,17.05470587179487,4.8506888706373825,4.8506888706373825,39.74665776176254,13.140119014607198,0.9361020134497107,0.9361020134497107,7.67044173538046,13.174473917585932,0.9704569164284447,0.9704569164284447,7.951946611811521
frame_00292,292,12.217024129337082,2.282093926149463,24.312800632754602,12.09577650341752,12.09577650341752,99.00755188304484,12.891561732769858,0.6745376034327766,0.6745376034327766,5.521292225436393,12.692577524643479,0.47555339530639706,0.47555339530639706,3.8925469105396737
frame_00293,293,12.219233373612537,1.7442232822777786,12.87748007450013,0.6582467008875934,0.6582467008875934,5.386972167248059,13.5024610549144,1.283227681301863,1.283227681301863,10.501703683579661,12.982334409601004,0.7631010359884662,0.7631010359884662,6.245081116433906
frame_00294,294,12.215269846523842,1.4886492772880333,14.257839078662913,2.042569232139071,2.042569232139071,16.721441751205642,13.049278897895917,0.8340090513720746,0.8340090513720746,6.827594165751586,12.673151251191298,0.4578814046674555,0.4578814046674555,3.748434626663258
frame_00295,295,12.226241797503176,1.1700013975442893,13.15331546782653,0.9270736703233542,0.9270736703233542,7.582654471242992,13.184595992838002,0.9583541953348256,0.9583541953348256,7.838501897864798,12.710519891732716,0.4842780942295395,0.4842780942295395,3.9609726541514827
frame_00296,296,12.223886443401504,0.976856868613565,14.803023278886561,2.5791368354850572,2.5791368354850572,21.099155718002308,12.714945118415422,0.4910586750139174,0.4910586750139174,4.0172057985616565,12.738410944834285,0.5145245014327813,0.5145245014327813,4.209172784900365
frame_00297,297,12.220742738109557,1.11925920560976,34.16004388389648,21.93930114578692,21.93930114578692,179.5251042914986,13.040670312226279,0.819927574116722,0.819927574116722,6.709310486995471,12.888350010579167,0.6676072724696098,0.6676072724696098,5.462902597464243
frame_00298,298,12.232411888923396,1.2449804873475774,17.467146656877244,5.234734767953848,5.234734767953848,42.793970767890556,12.97513584383344,0.7427239549100442,0.7427239549100442,6.07177032341913,12.764274300151254,0.5318624112278574,0.5318624112278574,4.347976638274138
frame_00299,299,12.22846592739306,1.7136780711416597,12.629302087968075,0.4008361605750146,0.4008361605750146,3.277894078905671,13.15400617969233,0.9255402522992693,0.9255402522992693,7.568735586251756,12.843764034847743,0.6152981074546826,0.6152981074546826,5.031686812622584
frame_00300,300,12.22425513915551,2.06226388119232,18.222878888101974,5.998623748946464,5.998623748946464,49.071486815849205,13.006519202102721,0.7822640629472115,0.7822640629472115,6.399277944073187,13.026256990097085,0.8020018509415756,0.8020018509415756,6.560742080494407
frame_00301,301,12.220699859780504,2.5348546491061175,24.509264976901697,12.288565117121193,12.288565117121193,100.55533036666779,12.894096294657823,0.6733964348773185,0.6733964348773185,5.510293539681232,12.681453078963752,0.46075321918324796,0.46075321918324796,3.7702686791255795
frame_00302,302,12.21643419046602,2.8847004623832615,16.829855652834123,4.613421462368104,4.613421462368104,37.76405938459949,13.154107730550955,0.9376735400849352,0.9376735400849352,7.675509280905526,13.03923659082559,0.8228024003595706,0.8228024003595706,6.735209206968955
frame_00303,303,12.222116757973305,3.279153274222212,20.78049961754192,8.558382859568615,8.558382859568615,70.02373671471769,12.37715389204725,0.15503713407394493,0.15503713407394493,1.268496588144634,12.91609050595922,0.6939737479859147,0.6939737479859147,5.678016023968918
frame_00304,304,12.2133056278454,3.835636523876024,18.02122572586156,5.807920098016158,5.807920098016158,47.55403880808931,12.817154194501166,0.6038485666557651,0.6038485666557651,4.94418616102619,12.883698219950194,0.6703925921047933,0.6703925921047933,5.489034766937704
frame_00305,305,12.204183416846798,4.1110675761375575,14.564498063392696,2.3603146465458984,2.3603146465458984,19.34020954886414,13.043956539222922,0.8397731223761244,0.8397731223761244,6.88102672413864,12.959782205593735,0.7555987887469371,0.7555987887469371,6.191309675859998
frame_00306,306,12.19963017711508,5.006124638224581,15.52801128983594,3.3283811127208587,3.3283811127208587,27.28263942758256,13.034432653109434,0.8348024759943531,0.8348024759943531,6.842850675591247,13.010829145939214,0.811198968824133,0.811198968824133,6.649373440400159
frame_00307,307,12.166783096949365,6.5295790869250485,14.71415496018818,2.5473718632388156,2.5473718632388156,20.93710262557019,12.670883634339411,0.5041005373900465,0.5041005373900465,4.143252438817965,12.723455188897004,0.5566720919476396,0.5566720919476396,4.5753432728427335
frame_00308,308,12.129843725877812,8.235016573403621,17.376473032817387,5.246629306939575,5.246629306939575,43.2538903674943,12.691011220953765,0.5611674950759529,0.5611674950759529,4.626337385359368,12.5805996058153,0.45075587993748734,0.45075587993748734,3.716089754527048
frame_00309,309,12.071629070072298,9.80146811874633,14.542829405719942,2.4712003356476444,2.4712003356476444,20.471142057986082,13.414326392683437,1.342697322611139,1.342697322611139,11.122751658596956,13.177479006385886,1.1058499363135876,1.1058499363135876,9.160734892485928
frame_00310,310,12.02171734513397,11.219412060107109,12.07858364452632,0.05686629939235033,0.05686629939235033,0.47302974907630896,12.671262195488131,0.649544850354161,0.649544850354161,5.403095345750058,12.712432160598857,0.6907148154648866,0.6907148154648866,5.7455586056052725
frame_00311,311,11.972712210944906,12.42424703985199,14.238907661143251,2.266195450198346,2.266195450198346,18.92800403342773,12.716813449613852,0.7441012386689465,0.7441012386689465,6.214976402662741,12.770460585604834,0.7977483746599283,0.7977483746599283,6.663054791634123
frame_00312,312,11.935277201523155,13.261566433734433,16.131644135709678,4.196366934186523,4.196366934186523,35.15935879269726,12.48604240834144,0.5507652068182853,0.5507652068182853,4.614599204683724,12.419184876063818,0.48390767454066363,0.48390767454066363,4.054431802211584
frame_00313,313,11.911126649340767,13.777015773539295,61.936656465092085,50.02552981575132,50.02552981575132,419.98990765932314,12.336069187624032,0.4249425382832648,0.4249425382832648,3.5676099397934253,12.33359587204645,0.42246922270568277,0.42246922270568277,3.546845190577037
frame_00314,314,11.88977578876342,13.930807070196094,18.675009326327913,6.785233537564494,6.785233537564494,57.0678005886113,12.157121072713053,0.2673452839496342,0.2673452839496342,2.248530911762795,12.302173265067497,0.4123974763040774,0.4123974763040774,3.4685050721799042
frame_00315,315,11.888473310918114,13.968396533738948,18.454346924943707,6.565873614025593,6.565873614025593,55.22890485858801,12.005496532734655,0.11702322181654168,0.11702322181654168,0.9843418810476708,12.264454603374555,0.37598129245644074,0.37598129245644074,3.16257001738943
frame_00316,316,11.896635599007325,13.81846359322802,21.230571669503004,9.333936070495678,9.333936070495678,78.4586196056515,12.165085854079532,0.26845025507220655,0.26845025507220655,2.2565224666930748,12.42273360954867,0.5260980105413449,0.5260980105413449,4.422241953727181
frame_00317,317,11.90853449796909,13.583603084134625,14.848819893907773,2.940285395938684,2.940285395938684,24.69057293691451,12.362590717578357,0.45405621960926723,0.45405621960926723,3.8128639564062485,12.545650551019225,0.6371160530501356,0.6371160530501356,5.350079417066734
frame_00318,318,11.919815289114554,13.335098634482122,18.754845033849925,6.835029744735371,6.835029744735371,57.34174212395116,12.897101992965926,0.9772867038513713,0.9772867038513713,8.19884100673818,12.75875955682384,0.8389442677092855,0.8389442677092855,7.038232114850207
frame_00319,319,11.927605909244743,13.170648544746857,52.15132744942776,40.22372154018302,40.22372154018302,337.2321473918482,12.694155732643827,0.7665498233990835,0.7665498233990835,6.4266863713610185,12.67148892281103,0.7438830135662862,0.7438830135662862,6.236649829197693
frame_00320,320,11.93412818765846,13.027652457078869,34.04470640547845,22.11057821781999,22.11057821781999,185.27183444103935,12.576237096338504,0.6421089086800436,0.6421089086800436,5.380442530725227,12.783843547839574,0.8497153601811132,0.8497153601811132,7.120045526742678
frame_00321,321,11.946024094987097,12.75338325072189,12.211165015947902,0.2651409209608051,0.2651409209608051,2.219490927295769,12.469371644190636,0.5233475492035389,0.5233475492035389,4.380934987592657,12.579449439732633,0.633425344745536,0.633425344745536,5.302394668794783
frame_00322,322,11.977150622466711,12.061567532043046,15.453220677349641,3.47607005488293,3.47607005488293,29.022512653072308,12.30719560172452,0.3300449792578082,0.3300449792578082,2.755621847476065,12.54583413876123,0.5686835162945183,0.5686835162945183,4.748070173115992
frame_00323,323,12.009597682878018,10.98447435464186,14.398176921739879,2.38857923886186,2.38857923886186,19.88891969518044,12.78747098613734,0.7778733032593212,0.7778733032593212,6.477097100166215,12.342203996256943,0.33260631337892477,0.33260631337892477,2.7695042095633124
frame_00324,324,12.053313970030045,9.91884920140855,54.887599189966615,42.83428521993657,42.83428521993657,355.3735124335253,12.11974929919078,0.06643532916073447,0.06643532916073447,0.5511789481790863,12.308225159374366,0.25491118934432144,0.25491118934432144,2.1148639285274173
frame_00325,325,12.093675694146231,8.924071636114668,45.21071504758687,33.117039353440646,33.117039353440646,273.8376668184551,12.525637461126472,0.43196176698024047,0.43196176698024047,3.5717988302706454,12.587980654874041,0.49430496072780983,0.49430496072780983,4.0873012740623675
frame_00326,326,12.112861343323763,8.1107025385104,11.97832080557718,-0.1345405377465827,0.1345405377465827,1.1107246581398154,13.132641005389216,1.019779662065453,1.019779662065453,8.418982378821038,12.671690735751428,0.5588293924276648,0.5588293924276648,4.613520922830298
frame_00327,327,12.141282712260558,7.322077542625492,26.22331636071906,14.082033648458502,14.082033648458502,115.9847273322952,12.779630122637926,0.6383474103773672,0.6383474103773672,5.257660376631776,13.194859400164605,1.0535766879040462,1.0535766879040462,8.6776390343017
frame_00328,328,12.16124982183752,6.366945942929642,12.771107036150106,0.6098572143125853,0.6098572143125853,5.014757720193253,12.675085363064484,0.513835541226964,0.513835541226964,4.225186956560073,13.292130474931811,1.130880653094291,1.130880653094291,9.299049601494158
frame_00329,329,12.191088592671571,5.387046219604463,11.89388430181289,-0.29720429085868183,0.29720429085868183,2.437881478749488,12.79978106146876,0.6086924687971891,0.6086924687971891,4.992929582704307,12.992663848552088,0.8015752558805165,0.8015752558805165,6.575091713814362
frame_00330,330,12.20321971837929,4.449520198132722,58.08626931069419,45.883049592314904,45.883049592314904,375.99134204893784,12.833693709978261,0.6304739915989721,0.6304739915989721,5.16645611690015,12.972640169620824,0.769420451241535,0.769420451241535,6.305061033054331
frame_00331,331,12.226697780806976,3.4464563209047556,18.650963497614526,6.42426571680755,6.42426571680755,52.54293376656556,13.016684551157956,0.7899867703509802,0.7899867703509802,6.46116215934504,12.671057162389042,0.4443593815820659,0.4443593815820659,3.63433683851747
frame_00332,332,12.232430615861459,2.739122438619578,14.346104180686648,2.1136735648251896,2.1136735648251896,17.27926060814477,13.056739145632228,0.8243085297707697,0.8243085297707697,6.738714125236168,12.605779987704004,0.37334937184254535,0.37334937184254535,3.0521274435714636
frame_00333,333,12.24547651474913,2.177690654248159,20.060813747309776,7.815337232560646,7.815337232560646,63.822238547821485,13.100472410415506,0.8549958956663755,0.8549958956663755,6.982136584367061,12.671061080529375,0.4255845657802446,0.4255845657802446,3.4754430770223355
frame_00334,334,12.242687127453506,2.033588982513702,50.88218690986698,38.63949978241347,38.63949978241347,315.6128991956894,13.103287510578843,0.8606003831253375,0.8606003831253375,7.029505648277916,12.416027462326708,0.17334033487320255,0.17334033487320255,1.4158683716134266
frame_00335,335,12.236501485615342,2.3627151170959793,14.974546984309397,2.7380454986940546,2.7380454986940546,22.37604843110404,13.15030095121999,0.9137994656046473,0.9137994656046473,7.467816407155813,12.731596756088122,0.49509527047277935,0.49509527047277935,4.046052468957652
frame_00336,336,12.238335979085623,2.994801773801379,18.126573975268403,5.888237996182781,5.888237996182781,48.11306051938212,13.054755104572218,0.8164191254865951,0.8164191254865951,6.670997812789197,12.598265481643793,0.35992950255817036,0.35992950255817036,2.9410003383896495
frame_00337,337,12.223616772755362,3.93629990530932,12.830589736429044,0.606972963673682,0.606972963673682,4.9655758598922635,12.928419118722278,0.7048023459669164,0.7048023459669164,5.765906761228124,12.76794804588376,0.5443312731283978,0.5443312731283978,4.453111409232265
frame_00338,338,12.220734716440441,4.694918646239611,14.944380556872055,2.7236458404316135,2.7236458404316135,22.287087508474578,12.882989849021838,0.6622551325813966,0.6622551325813966,5.419110617714914,12.771940892058415,0.551206175617974,0.551206175617974,4.510417650065191
frame_00339,339,12.20415823006496,5.4885110639251335,13.011540661463314,0.807382431398354,0.807382431398354,6.615633919014309,13.051983166911398,0.8478249368464379,0.8478249368464379,6.947016917216133,12.784329132634227,0.5801709025692663,0.5801709025692663,4.753878896293023
frame_00340,340,12.182203912867607,6.284115349152869,12.530357581226696,0.3481536683590889,0.3481536683590889,2.8578873810456185,12.810074264061976,0.6278703511943693,0.6278703511943693,5.153996400693747,12.647016761121156,0.4648128482535494,0.4648128482535494,3.815507042716507
frame_00341,341,12.172278698069931,7.0848833242274685,11.69005295398406,-0.4822257440858717,0.4822257440858717,3.9616718943704,12.848387225964599,0.6761085278946677,0.6761085278946677,5.554494311750135,12.660460811495923,0.48818211342599227,0.48818211342599227,4.010605783314834
frame_00342,342,12.148441086191658,7.80372843436086,13.297295489279811,1.1488544030881531,1.1488544030881531,9.456805156621956,12.371031398152457,0.22259031196079881,0.22259031196079881,1.8322541170636513,13.033663110031865,0.8852220238402069,0.8852220238402069,7.286712900524999
frame_00343,343,12.133948076038418,8.52461076903169,70.7493178106969,58.61536973465847,58.61536973465847,483.0692316082141,12.550600592601457,0.4166525165630386,0.4166525165630386,3.4337753380190037,12.6070015572319,0.4730534811934817,0.4730534811934817,3.8985949027394198
frame_00344,344,12.1071597856195,9.075018256128374,15.231795855528858,3.124636069909359,3.124636069909359,25.808167441720745,12.485474848428721,0.37831506280922156,0.37831506280922156,3.124721813439451,12.37774597906258,0.27058619344308,0.27058619344308,2.2349270864044737
frame_00345,345,12.093957279914463,9.707302250223048,16.452049427990417,4.358092148075954,4.358092148075954,36.03528644270833,12.251436228113679,0.15747894819921626,0.15747894819921626,1.302129191912691,12.553453650622627,0.4594963707081643,0.4594963707081643,3.799388075161236
frame_00346,346,12.0715343728664,10.390456839851547,14.41295984634962,2.34142547348322,2.34142547348322,19.396254039967957,12.404705092499666,0.33317071963326583,0.33317071963326583,2.759969937062392,12.099438338110161,0.02790396524376071,0.02790396524376071,0.23115508254262526
frame_00347,347,12.04236422070038,10.849169846678832,15.293340721472218,3.250976500771838,3.250976500771838,26.996164882503134,12.311050696169227,0.26868647546884716,0.26868647546884716,2.2311771222380488,12.215610739870112,0.17324651916973188,0.17324651916973188,1.4386420805303954
frame_00348,348,12.027145630523808,11.254269535348154,12.125953598898185,0.098807968374377,0.098807968374377,0.8215412984075898,12.573992085689737,0.5468464551659284,0.5468464551659284,4.546768385160994,12.033276316141821,0.006130685618012777,0.006130685618012777,0.05097373729684997
frame_00349,349,12.015200215806454,11.564260259752258,16.0739317387291,4.058731522922647,4.058731522922647,33.77997411631336,12.405998473085155,0.39079825727870166,0.39079825727870166,3.252532211361669,12.736297227726563,0.7210970119201097,0.7210970119201097,6.001539707773484
frame_00350,350,12.00266492030109,11.860419568932842,15.880978338849584,3.878313418548494,3.878313418548494,32.31210272302766,12.268842178757826,0.2661772584567359,0.2661772584567359,2.217651331801561,12.272715917787929,0.27005099748683925,0.27005099748683925,2.249925323084542
frame_00351,351,11.991456773775981,12.145145338280427,37.844874995598715,25.853418221822736,25.853418221822736,215.59864418109203,11.991607015942087,0.00015024216610548535,0.00015024216610548535,0.0012529100420396687,12.22490064826149,0.23344387448550918,0.23344387448550918,1.9467515823100465
frame_00352,352,11.981771184015072,12.375424244376505,21.785136441899656,9.803365257884584,9.803365257884584,81.81899910560212,12.374554370180805,0.39278318616573316,0.39278318616573316,3.278172985724738,12.751711583622619,0.7699403996075471,0.7699403996075471,6.425931423517149
frame_00353,353,11.966040744769732,12.403207730561626,30.564499903451612,18.59845915868188,18.59845915868188,155.4270084431321,12.232273397666237,0.26623265289650533,0.26623265289650533,2.2249017747401005,12.67345869904064,0.7074179542709089,0.7074179542709089,5.911879872046367
frame_00354,354,11.965858773992256,12.44687029901591,18.19650997449479,6.230651200502535,6.230651200502535,52.07023848588979,12.275969427265132,0.3101106532728757,0.3101106532728757,2.591628892920748,12.651105413747091,0.6852466397548351,0.6852466397548351,5.726681659023219
frame_00355,355,11.970762367827712,12.360200225779067,30.599584698422845,18.628822330595135,18.628822330595135,155.61934785925948,12.64533023203425,0.6745678642065389,0.6745678642065389,5.635128686703268,12.223537451280006,0.2527750834522937,0.2527750834522937,2.111603886914045
frame_00356,356,11.976957614722302,12.274649815939165,11.94615230358668,-0.03080531113562124,0.03080531113562124,0.2572048104917293,12.870015718329913,0.8930581036076113,0.8930581036076113,7.456468765572381,12.502857812455199,0.5259001977328968,0.5259001977328968,4.3909331121490345
frame_00357,357,11.975282115856665,12.036753888159842,13.71997493181455,1.744692815957885,1.744692815957885,14.56911661102087,12.554346811724375,0.5790646958677108,0.5790646958677108,4.835499408410278,12.126942742111906,0.15166062625524113,0.15166062625524113,1.2664472100780393
frame_00358,358,11.98293375841288,11.91003820973221,18.899640401195832,6.916706642782952,6.916706642782952,57.72131251186235,12.129447336285208,0.14651357787232833,0.14651357787232833,1.2226853692608062,12.185530474336831,0.202596715923951,0.202596715923951,1.69071047214722
frame_00359,359,11.994372254985459,11.642880106248947,16.89186120099262,4.89748894600716,4.89748894600716,40.8315570160124,12.32231769083682,0.3279454358513618,0.3279454358513618,2.7341608954570455,12.13857604220145,0.14420378721599114,0.14420378721599114,1.2022620621604674
frame_00360,360,12.006726084712568,11.356386677400042,21.626033225232064,9.619307140519496,9.619307140519496,80.11598726123329,12.691191199663356,0.6844651149507879,0.6844651149507879,5.700680686155367,12.335714979217327,0.328988894504759,0.328988894504759,2.740038310057231
frame_00361,361,12.023526896600247,11.001513034796886,13.077365462236623,1.0538385656363758,1.0538385656363758,8.764803993862712,12.136198854874968,0.11267195827472065,0.11267195827472065,0.9370957394088717,12.286143343477802,0.2626164468775549,0.2626164468775549,2.1841881266287344
frame_00362,362,12.030934320899233,10.437900645765993,23.206285153469175,11.175350832569942,11.175350832569942,92.88847012618932,12.677389021764938,0.6464547008657053,0.6464547008657053,5.373270966517811,12.52704927324158,0.4961149523423476,0.4961149523423476,4.123661048340478
frame_00363,363,12.054260634174563,9.956092492187366,19.713439105605513,7.65917847143095,7.65917847143095,63.53918090767603,12.465974530875938,0.41171389670137515,0.41171389670137515,3.415505182741289,12.218010874117237,0.16375023994267401,0.16375023994267401,1.358442835377494
frame_00364,364,12.073165087517141,9.4066425158192,12.327998409129076,0.25483332161193495,0.25483332161193495,2.110741630423126,12.387306866260216,0.3141417787430747,0.3141417787430747,2.601983626214775,12.657307330963947,0.5841422434468058,0.5841422434468058,4.838352157138731
frame_00365,365,12.086537319353946,8.795905822687567,34.08836693150593,22.001829612151987,22.001829612151987,182.03583897367255,12.711491436895923,0.6249541175419768,0.6249541175419768,5.17066303631272,12.305294569016434,0.2187572496624881,0.2187572496624881,1.8099249096943275
frame_00366,366,12.111011212550762,8.162529286495797,18.512339909703982,6.40132869715322,6.40132869715322,52.855443569563036,12.21704329575069,0.10603208319992774,0.10603208319992774,0.8755014865319061,12.345958460350126,0.23494724779936327,0.23494724779936327,1.9399474055137946
frame_00367,367,12.125358921161862,7.4685878921896665,15.738472201868227,3.613113280706365,3.613113280706365,29.797990345675913,12.864067907631267,0.7387089864694047,0.7387089864694047,6.092264907558061,12.705867357371938,0.5805084362100761,0.5805084362100761,4.787556722934939
frame_00368,368,12.149816019834587,6.782710022924985,12.653661690550681,0.5038456707160943,0.5038456707160943,4.146940742917965,12.80926274338115,0.659446723546564,0.659446723546564,5.427627237071052,12.143897355860517,-0.0059186639740698155,0.0059186639740698155,0.04871402138441924
frame_00369,369,12.16332958316814,6.019869573526898,16.48396031343093,4.32063073026279,4.32063073026279,35.52177634191353,13.509189868061208,1.3458602848930674,1.3458602848930674,11.064900245369456,12.623577047133018,0.4602474639648779,0.4602474639648779,3.7838937177348018
frame_00370,370,12.174557424292455,5.218711440004394,14.257460560311728,2.0829031360192722,2.0829031360192722,17.108655891368663,12.869789873416018,0.6952324491235622,0.6952324491235622,5.710535708972326,12.568458836042955,0.3939014117505,0.3939014117505,3.2354474829986866
frame_00371,371,12.198026662880684,4.4333825970322005,22.968785805644888,10.770759142764204,10.770759142764204,88.29919330755573,12.716279427091134,0.51825276421045,0.51825276421045,4.248660693516302,12.491263770655987,0.2932371077753029,0.2932371077753029,2.4039716905000765
frame_00372,372,12.206088696483478,3.5985127904027654,12.599772694881636,0.39368399839815815,0.39368399839815815,3.225308353785573,13.114754995673469,0.9086662991899903,0.9086662991899903,7.444369132364024,12.676952076587146,0.47086338010366724,0.47086338010366724,3.8576106712981773
frame_00373,373,12.21523726111083,2.8199208496835135,30.40374869013928,18.188511429028452,18.188511429028452,148.90018949475913,13.592133473826314,1.376896212715483,1.376896212715483,11.27195635486388,12.843013645455192,0.6277763843443616,0.6277763843443616,5.139289323040728
frame_00374,374,12.220506813547422,1.90946457459008,28.753428285733804,16.53292147218638,16.53292147218638,135.28834543800016,13.292926163763669,1.0724193502162471,1.0724193502162471,8.775571803841911,12.922880048965501,0.7023732354180794,0.7023732354180794,5.747496778443279
frame_00375,375,12.289559779297786,1.2637700126902343,12.977989435881042,0.6884296565832564,0.6884296565832564,5.601743829286232,13.272737006500723,0.9831772272029369,0.9831772272029369,8.000101263668817,12.811327684921478,0.5217679056236921,0.5217679056236921,4.245619167764083
frame_00376,376,12.389515318697596,0.943269141941684,15.62245746705329,3.2329421483556935,3.2329421483556935,26.094177739759598,13.369823452602192,0.9803081339045967,0.9803081339045967,7.912400999457726,13.089697863120982,0.7001825444233862,0.7001825444233862,5.651411910897822
frame_00377,377,12.48521455884609,1.4492187915481405,14.675681854025095,2.1904672951790047,2.1904672951790047,17.544490604104222,13.160461652166406,0.6752470933203156,0.6752470933203156,5.408373962158993,13.056441804704814,0.571227245858724,0.571227245858724,4.575229710041267
frame_00378,378,12.577604241336156,2.276200214875826,13.682595633154586,1.1049913918184302,1.1049913918184302,8.785388462032287,13.739864775760688,1.162260534424533,1.162260534424533,9.240714782587743,13.520042618461812,0.9424383771256561,0.9424383771256561,7.492988005047439
frame_00379,379,12.667936051636955,3.066185074102797,17.722935173426862,5.054999121789907,5.054999121789907,39.90388885122844,13.477458950889375,0.8095228992524195,0.8095228992524195,6.390329852887225,13.459054727342386,0.7911186757054303,0.7911186757054303,6.2450479105726275
frame_00380,380,12.75754366369745,3.744414983872355,13.839639664130306,1.0820960004328555,1.0820960004328555,8.482008989802958,13.868018874516045,1.1104752108185938,1.1104752108185938,8.704459417046985,13.560977377950776,0.803433714253325,0.803433714253325,6.297714790814755
frame_00381,381,12.846620589347289,4.363815714708556,15.017655216693711,2.1710346273464225,2.1710346273464225,16.899655533897327,13.887360636874142,1.0407400475268531,1.0407400475268531,8.101274886174023,13.770474858258881,0.9238542689115921,0.9238542689115921,7.191418649646064
frame_00382,382,12.929399868008597,5.216600763748143,18.97191762081156,6.042517752802963,6.042517752802963,46.73471169960528,14.020915591162357,1.0915157231537602,1.0915157231537602,8.442122096126933,13.735148602572794,0.8057487345641974,0.8057487345641974,6.231911324499084
frame_00383,383,13.01223576903511,5.944378724178108,19.372822800847377,6.360587031812267,6.360587031812267,48.88158456941271,13.568159120070526,0.5559233510354158,0.5559233510354158,4.272312313602038,13.44702654671625,0.4347907776811404,0.4347907776811404,3.3413994750679286
frame_00384,384,13.093949011268105,6.625182307853423,16.289385915943157,3.195436904675052,3.195436904675052,24.403920482088274,13.885500670053172,0.7915516587850675,0.7915516587850675,6.045171384919028,13.906021326228998,0.8120723149608935,0.8120723149608935,6.201890004780513
frame_00385,385,13.176047744722359,7.244312369811922,15.578175503965861,2.402127759243502,2.402127759243502,18.231018935140618,14.449980440043175,1.2739326953208163,1.2739326953208163,9.668549477069766,13.794283304843082,0.6182355601207234,0.6182355601207234,4.6921168782828415
frame_00386,386,13.2598743530081,7.746863087197874,14.380828455373099,1.1209541023649994,1.1209541023649994,8.45373095191285,14.254970084856497,0.995095731848398,0.995095731848398,7.504563809253994,14.158704370247824,0.8988300172397246,0.8988300172397246,6.778571148646053
frame_00387,387,13.343306171027372,8.233926762623412,13.950856336092869,0.6075501650654971,0.6075501650654971,4.553220598240372,14.701131746503572,1.3578255754762,1.3578255754762,10.176080486142768,14.120208302209388,0.7769021311820161,0.7769021311820161,5.822411036845738
frame_00388,388,13.42517067601851,8.7266267283887,14.911344649248997,1.4861739732304873,1.4861739732304873,11.07005645660246,14.25224493678588,0.82707426076737,0.82707426076737,6.16062380677796,14.376151691254378,0.9509810152358682,0.9509810152358682,7.0835674136688125
frame_00389,389,13.508786540327993,9.128004074049779,16.48690670970516,2.978120169377167,2.978120169377167,22.04580078666976,14.45461120593913,0.9458246656111378,0.9458246656111378,7.001551640390145,14.4305592972034,0.9217727568754075,0.9217727568754075,6.823505235822808
frame_00390,390,13.594159950045814,9.47577369370562,20.761838794573812,7.167678844527998,7.167678844527998,52.726162343733805,14.761785696344228,1.1676257462984143,1.1676257462984143,8.589171751612936,14.3903870640241,0.7962271139782864,0.7962271139782864,5.857126272635941
frame_00391,391,13.681887919994095,9.734116357451553,16.901473416068164,3.2195854960740693,3.2195854960740693,23.53173417952878,15.142676445916198,1.4607885259221032,1.4607885259221032,10.676805236705475,15.074409808210754,1.3925218882166597,1.3925218882166597,10.177848966162712
frame_00392,392,13.768623972578009,10.005922643537925,18.426449422215544,4.657825449637535,4.657825449637535,33.82927341841999,15.006164345421979,1.23754037284397,1.23754037284397,8.988119475909077,14.869162709584513,1.100538737006504,1.100538737006504,7.993091678575643
frame_00393,393,13.853505552048485,10.296580031992942,15.305484275076967,1.451978723028482,1.451978723028482,10.480948071759219,15.014218641896404,1.1607130898479188,1.1607130898479188,8.378479262790542,14.635109757165742,0.7816042051172563,0.7816042051172563,5.64192364294164
frame_00394,394,13.941620736490735,10.497183178135371,14.225917256228318,0.2842965197375822,0.2842965197375822,2.0391927532031175,14.94830713644284,1.0066863999521054,1.0066863999521054,7.220727195061396,14.891950072325551,0.9503293358348159,0.9503293358348159,6.816491093803952
frame_00395,395,14.03416992140517,10.589724030832631,27.983569789991687,13.949399868586518,13.949399868586518,99.39597387452635,14.95567770286494,0.9215077814597699,0.9215077814597699,6.566172325263566,14.953268324771054,0.9190984033658847,0.9190984033658847,6.5490043836797165
frame_00396,396,14.13092724217899,10.582876557592058,15.170535025993946,1.0396077838149562,1.0396077838149562,7.35696791865053,14.76533891218636,0.6344116700073705,0.6344116700073705,4.489526123337001,14.92329984574876,0.7923726035697705,0.7923726035697705,5.6073645415471445
frame_00397,397,14.230434026555796,10.508494110724673,39.41092423272088,25.180490206165082,25.180490206165082,176.94815322691557,15.148093708033963,0.9176596814781668,0.9176596814781668,6.448571278751564,15.072724484096808,0.8422904575410115,0.8422904575410115,5.918937229666998
frame_00398,398,14.330800252580925,10.406377526813017,87.68533732447716,73.35453707189623,73.35453707189623,511.8663004090462,15.46670308856211,1.1359028359811845,1.1359028359811845,7.926304295369775,15.437123336283749,1.106323083702824,1.106323083702824,7.719897453064976
frame_00399,399,14.43146527298368,10.299032274370488,17.783696987177674,3.3522317141939943,3.3522317141939943,23.22863029348458,15.579530833275308,1.148065560291629,1.148065560291629,7.955294480324578,15.701766839177889,1.2703015661942096,1.2703015661942096,8.802304839913024
frame_00400,400,14.534214819028254,10.129190703320026,47.10459484625602,32.57038002722777,32.57038002722777,224.09452751851785,15.496176229183199,0.9619614101549452,0.9619614101549452,6.6185990927803084,15.45717459861272,0.9229597795844668,0.9229597795844668,6.350255525163452
frame_00401,401,14.643316468441224,9.821368689385126,17.49160742539171,2.8482909569504855,2.8482909569504855,19.451132966285506,15.223644050943987,0.580327582502763,0.580327582502763,3.963088442112585,15.487378355097588,0.8440618866563643,0.8440618866563643,5.764144266604205
frame_00402,402,14.756121639426267,9.428191465333137,15.924186605899967,1.1680649664737004,1.1680649664737004,7.915799252784663,15.534170162476567,0.7780485230503,0.7780485230503,5.272716924286288,15.700041517244946,0.9439198778186793,0.9439198778186793,6.396801957071559
frame_00403,403,14.866585578326681,9.070479784738255,18.755640478696666,3.8890549003699846,3.8890549003699846,26.15970479489023,15.952458875784112,1.0858732974574306,1.0858732974574306,7.304120315565101,15.98130226893076,1.1147166906040784,1.1147166906040784,7.498135229041247
frame_00404,404,14.975144581318188,8.745152967853924,20.78134777392861,5.80620319261042,5.80620319261042,38.77226801438553,15.871359842324182,0.8962152610059935,0.8962152610059935,5.984685197123512,16.032973746172566,1.0578291648543772,1.0578291648543772,7.063899511020692
frame_00405,405,15.084125846113642,8.395259929758684,61.84797814912621,46.76385230301257,46.76385230301257,310.020300679612,15.75131616974711,0.6671903236334682,0.6671903236334682,4.423128860366588,15.897748659586554,0.8136228134729127,0.8136228134729127,5.393900990838915
frame_00406,406,15.195329999139375,7.974049427349916,18.026044584182298,2.830714585042923,2.830714585042923,18.628845738810856,16.266793448402787,1.0714634492634119,1.0714634492634119,7.051268049618513,16.92790384781354,1.7325738486741642,1.7325738486741642,11.402015282144532
frame_00407,407,15.303676968096743,7.6102503316154895,19.338489440272024,4.034812472175281,4.034812472175281,26.364987189592213,16.383897313992946,1.080220345896203,1.080220345896203,7.058567350500901,16.654063341233744,1.3503863731370007,1.3503863731370007,8.823934116958448
frame_00408,408,15.412833268029209,7.204302647529798,17.091681886399606,1.678848618370397,1.678848618370397,10.892537336745395,16.134260903258216,0.7214276352290074,0.7214276352290074,4.680694475073979,16.214600857816727,0.8017675897875183,0.8017675897875183,5.201948115864084
frame_00409,409,15.525595255462598,6.6762416803888005,18.78620282754339,3.2606075720807937,3.2606075720807937,21.001497967902818,16.648627384804506,1.123032129341908,1.123032129341908,7.233423974174357,16.835779028910164,1.3101837734475659,1.3101837734475659,8.438863385843996
frame_00410,410,15.638977539614897,6.100995121134234,26.75078121847348,11.111803678858584,11.111803678858584,71.05198310254883,16.104657298705575,0.46567975909067805,0.46567975909067805,2.9776867311885993,16.40273484021491,0.7637573006000142,0.7637573006000142,4.8836779684947444
frame_00411,411,15.751849807085655,5.5004953128532925,20.167242679225165,4.41539287213951,4.41539287213951,28.030948277283176,16.55435957775629,0.8025097706706354,0.8025097706706354,5.09470176835766,16.75328510182675,1.0014352947410963,1.0014352947410963,6.357572647059018
frame_00412,412,15.862193985280438,4.944874763468262,22.191651690870078,6.32945770558964,6.32945770558964,39.902788425505044,17.209306769706647,1.3471127844262085,1.3471127844262085,8.492600618024733,17.644132665726627,1.7819386804461885,1.7819386804461885,11.233872704493246
frame_00413,413,15.97194023939965,4.3627032099030165,24.31682843173538,8.34488819233573,8.34488819233573,52.24717891036509,17.29348921476741,1.321548975367758,1.321548975367758,8.274191836178773,17.515042727889014,1.5431024884893638,1.5431024884893638,9.661333972956099
frame_00414,414,16.08055000206609,3.7767208697172516,19.28359829514416,3.2030482930780693,3.2030482930780693,19.918773255059868,17.782245682563588,1.7016956804974974,1.7016956804974974,10.582322621296267,18.611496079186715,2.5309460771206247,2.5309460771206247,15.739176065466909
frame_00415,415,16.189936832199017,3.1272633114116926,17.541140619134026,1.3512037869350095,1.3512037869350095,8.34594847984642,17.191083911943284,1.0011470797442676,1.0011470797442676,6.183761494073018,17.440053768466896,1.2501169362678795,1.2501169362678795,7.721567719656636
frame_00416,416,16.297592335466838,2.4842557517169177,74.84634558536216,58.54875324989532,58.54875324989532,359.247869530283,17.265192070698383,0.9675997352315449,0.9675997352315449,5.9370716564424875,17.504892765432633,1.2073004299657946,1.2073004299657946,7.407845313067907
frame_00417,417,16.402225829400017,1.9592661065884964,238.08130691428516,221.67908108488515,221.67908108488515,1351.5182841071396,17.22568239473308,0.8234565653330641,0.8234565653330641,5.020395243291109,17.610642591991954,1.2084167625919378,1.2084167625919378,7.367394981392845
frame_00418,418,16.507264329188178,1.3630508224968105,22.840930484651143,6.333666155462964,6.333666155462964,38.368963076842256,17.278134233352336,0.770869904164158,0.770869904164158,4.6698828394060685,17.58696824749439,1.0797039183062118,1.0797039183062118,6.540780451410578
frame_00419,419,16.608735879545065,1.0261391803943143,46.81474846824501,30.20601258869994,30.20601258869994,181.86822168628117,17.758443408002705,1.1497075284576397,1.1497075284576397,6.922306049032864,17.96539378457374,1.3566579050286762,1.3566579050286762,8.168339329783098
frame_00420,420,16.709524233818787,0.8655604218838094,37.60789821361374,20.89837397979495,20.89837397979495,125.06863563175699,17.90913842389038,1.1996141900715926,1.1996141900715926,7.179224095702654,18.252149763176906,1.5426255293581193,1.5426255293581193,9.232013477894029
frame_00421,421,16.809361216321435,1.0710144054083006,18.541748347959565,1.7323871316381307,1.7323871316381307,10.30608545645405,17.66276495822396,0.8534037419025253,0.8534037419025253,5.0769552210817706,17.85235423664997,1.0429930203285345,1.0429930203285345,6.2048343592962745
frame_00422,422,16.907526974310663,1.4742894735153298,25.909914622131637,9.002387647820974,9.002387647820974,53.244851606620074,17.5263189975472,0.6187920232365371,0.6187920232365371,3.659861221435466,17.497532534428796,0.5900055601181329,0.5900055601181329,3.4896029502989334
frame_00423,423,17.003903734109155,1.8797604453988508,78.07726440556564,61.073360671456484,61.073360671456484,359.1725854631002,17.698147155203582,0.694243421094427,0.694243421094427,4.082847279956087,17.783805604442012,0.7799018703328571,0.7799018703328571,4.586604832209235
frame_00424,424,17.098359380305194,2.521300318967321,22.03260639201102,4.934247011705825,4.934247011705825,28.8580143975062,17.60186057946292,0.503501199157725,0.503501199157725,2.9447339827099706,17.87173031128845,0.7733709309832548,0.7733709309832548,4.523070978810194
frame_00425,425,17.190500381720767,3.135435505437124,18.47761116182926,1.2871107801084918,1.2871107801084918,7.487337491799364,18.103276489817027,0.91277610809626,0.91277610809626,5.309770441975298,18.02729166233984,0.8367912806190745,0.8367912806190745,4.867754062056638
frame_00426,426,17.283740232140534,3.493237661411775,18.607108636793225,1.3233684046526903,1.3233684046526903,7.656724683883978,17.36483507938688,0.08109484724634441,0.08109484724634441,0.46919732741378445,17.630884406580332,0.34714417443979784,0.34714417443979784,2.0085014573075726
frame_00427,427,17.378017217538982,3.7398807556610896,17.876440442081634,0.49842322454265187,0.49842322454265187,2.868124817137435,18.03463057058362,0.6566133530446372,0.6566133530446372,3.778413525692344,18.128604829020816,0.7505876114818335,0.7505876114818335,4.319178661673171
frame_00428,428,17.46845748221636,4.18239827891021,20.807909736408433,3.339452254192075,3.339452254192075,19.117041430771902,18.780221286630255,1.3117638044138964,1.3117638044138964,7.509328203416521,18.683313378703875,1.2148558964875171,1.2148558964875171,6.954568814815462
frame_00429,429,17.55634980777815,4.705596062184978,36.94007648460458,19.38372667682643,19.38372667682643,110.40863783791025,18.208052423697662,0.6517026159195112,0.6517026159195112,3.7120621487661483,18.385390422787903,0.8290406150097525,0.8290406150097525,4.722169608641854
frame_00430,430,17.647651082915477,4.979131678643406,22.701334285985215,5.053683203069738,5.053683203069738,28.636577068107158,18.59914416649261,0.9514930835771338,0.9514930835771338,5.39161319037107,18.86921337428761,1.221562291372134,1.221562291372134,6.92195400754901
frame_00431,431,17.73851114882178,5.262943212088999,17.09890483851178,-0.6396063103100005,0.6396063103100005,3.60574968746734,18.10356559635351,0.36505444753172966,0.36505444753172966,2.0579768193001766,18.39397097747777,0.6554598286559923,0.6554598286559923,3.695123131568621
frame_00432,432,17.83106914112788,5.436100966268933,16.435879340733848,-1.3951898003940322,1.3951898003940322,7.824487636447926,18.39920817083235,0.5681390297044686,0.5681390297044686,3.186230871563609,18.576002865112628,0.7449337239847473,0.7449337239847473,4.177728873623938
frame_00433,433,17.922633120874185,5.649453776806596,50.18803585443847,32.26540273356429,32.26540273356429,180.0260180296015,18.9481450913302,1.0255119704560158,1.0255119704560158,5.721882290061607,19.63357339965449,1.7109402787803063,1.7109402787803063,9.546255102368878
frame_00434,434,18.01184267312992,5.918494833455473,20.148990414232085,2.137147741102165,2.137147741102165,11.865236555115839,18.9885241229923,0.9766814498623795,0.9766814498623795,5.42244048866468,19.591269063939457,1.5794263908095374,1.5794263908095374,8.768821821688055
frame_00435,435,18.10060776623954,6.157938277723811,29.062450430174007,10.961842663934465,10.961842663934465,60.560633131778104,19.011298546149625,0.9106907799100838,0.9106907799100838,5.03127183170426,19.375308238079956,1.274700471840415,1.274700471840415,7.04230757498613
frame_00436,436,18.192290048558736,6.279627276582148,18.714606417319423,0.5223163687606878,0.5223163687606878,2.871086418293269,19.346882925209066,1.1545928766503302,1.1545928766503302,6.346605477202149,19.697828664750766,1.5055386161920303,1.5055386161920303,8.275695979854415
frame_00437,437,18.283337966355344,6.38367658498855,18.881977468900573,0.5986395025452289,0.5986395025452289,3.274235282675593,19.504161489359255,1.2208235230039115,1.2208235230039115,6.677246382747221,20.454035819147673,2.1706978527923297,2.1706978527923297,11.872546778858474
frame_00438,438,18.3744504978853,6.485922900952973,35.418739899025766,17.044289401140468,17.044289401140468,92.76081155788621,19.190365193968848,0.8159146960835493,0.8159146960835493,4.440484879683625,19.73663635969213,1.3621858618068323,1.3621858618068323,7.413478089935834
frame_00439,439,18.465491165381717,6.572929403439328,19.336359672692417,0.8708685073106999,0.8708685073106999,4.716194654726355,18.99958329260883,0.5340921272271117,0.5340921272271117,2.892379750116823,19.406212851826634,0.9407216864449168,0.9407216864449168,5.094485047917599
frame_00440,440,18.559058627620427,6.5873677298814,21.691971608049418,3.1329129804289906,3.1329129804289906,16.880775276858323,19.060523434889536,0.5014648072691088,0.5014648072691088,2.7019948443010264,19.628603769789944,1.0695451421695168,1.0695451421695168,5.762927762821825
frame_00441,441,18.654366508184857,6.541549780684039,17.933243729711243,-0.7211227784736138,0.7211227784736138,3.8657049981151137,19.145021682435626,0.49065517425076877,0.49065517425076877,2.630243026668781,19.32247248293406,0.6681059747492029,0.6681059747492029,3.5814991329566848
frame_00442,442,18.74926709088516,6.510880607524559,21.3895473500008,2.6402802591156416,2.6402802591156416,14.082045161110312,18.905663274938128,0.1563961840529693,0.1563961840529693,0.8341455871040439,19.453389854828025,0.7041227639428662,0.7041227639428662,3.755468203262042
frame_00443,443,18.84597268236033,6.434143604946814,37.18703892783612,18.34106624547579,18.34106624547579,97.32087886683011,19.42476493017674,0.5787922478164091,0.5787922478164091,3.071172061913014,19.63985014959502,0.7938774672346902,0.7938774672346902,4.212451543972325
frame_00444,444,18.946387119196057,6.264349576547469,17.883050187894792,-1.063336931301265,1.063336931301265,5.612346694974451,19.53804080463973,0.5916536854436742,0.5916536854436742,3.122778404776834,19.772670820361842,0.8262837011657851,0.8262837011657851,4.361167625085697
frame_00445,445,19.04420347517037,6.159994210503171,18.781426618844566,-0.2627768563258037,0.2627768563258037,1.3798259227192642,19.665543809981425,0.6213403348110553,0.6213403348110553,3.262621803117953,20.001761854748434,0.9575583795780638,0.9575583795780638,5.028083116348332
frame_00446,446,19.14260622375054,6.02290095442728,22.94031071091653,3.7977044871659906,3.7977044871659906,19.839014827845737,19.94177582039124,0.7991695966406986,0.7991695966406986,4.174821271981012,20.181197643432895,1.038591419682355,1.038591419682355,5.4255486820481
frame_00447,447,19.242761036267115,5.843454561189572,34.78391541473683,15.541154378469717,15.541154378469717,80.76364067079082,20.286732907697495,1.0439718714303794,1.0439718714303794,5.425270674321581,20.136527524293495,0.8937664880263796,0.8937664880263796,4.64468943070012
frame_00448,448,19.343321008234096,5.643610126255446,31.29563558527565,11.952314577041555,11.952314577041555,61.79039562003688,21.30843035262824,1.9651093443941434,1.9651093443941434,10.159110442088163,21.24563066185912,1.902309653625025,1.902309653625025,9.83445217506987
frame_00449,449,19.443950198552212,5.446901692900288,49.46029989708325,30.01634969853104,30.01634969853104,154.37372237646466,20.77516285052831,1.3312126519760987,1.3312126519760987,6.8464105204055725,21.756651475629923,2.3127012770777107,2.3127012770777107,11.89419461303657
frame_00450,450,19.544202626635347,5.241023643558483,40.554795974704234,21.010593348068888,21.010593348068888,107.50294473224046,20.859174166784832,1.314971540149486,1.314971540149486,6.728192320097053,20.88047207088218,1.3362694442468346,1.3362694442468346,6.83716532096189
frame_00451,451,19.647562878312915,4.9595426729844725,199.3327981745646,179.68523529625168,179.68523529625168,914.5421058536945,20.88514011771075,1.2375772393978366,1.2375772393978366,6.2988842283532325,20.768817207064973,1.1212543287520589,1.1212543287520589,5.706836698762804
frame_00452,452,19.75108772366111,4.663780620152472,22.121693318113735,2.3706055944526234,2.3706055944526234,12.002405273167417,20.42675052641163,0.6756628027505194,0.6756628027505194,3.420889078129601,20.52001080170634,0.7689230780452299,0.7689230780452299,3.893066998654899
frame_00453,453,19.85382766884128,4.393913652590427,23.85672687203117,4.002899203189891,4.002899203189891,20.161851255876797,20.886630959768688,1.0328032909274079,1.0328032909274079,5.202036142120321,20.907581099772106,1.0537534309308256,1.0537534309308256,5.307558061383764
frame_00454,454,19.956542153191016,4.147370275936972,18.757537166261724,-1.1990049869292925,1.1990049869292925,6.008079845323172,21.37719758654587,1.4206554333548524,1.4206554333548524,7.1187454342018475,22.12987284891674,2.173330695725724,2.173330695725724,10.890316964946818
frame_00455,455,19.9816407740197,3.6087914709596602,41.68391429764096,21.702273523621262,21.702273523621262,108.61106837551971,21.327056976677984,1.345416202658285,1.345416202658285,6.733261887119935,21.46584545582639,1.4842046818066912,1.4842046818066912,7.42784188041488
frame_00456,456,19.992780775915133,3.4728667936660798,25.464855966073497,5.472075190158364,5.472075190158364,27.370255551196028,21.402354334235177,1.4095735583200444,1.4095735583200444,7.0504127170649875,21.463890187399404,1.4711094114842709,1.4711094114842709,7.358203083267358
frame_00457,457,19.989490008320146,3.426455078952506,22.40994628776996,2.4204562794498123,2.4204562794498123,12.108644484888586,21.417052005972874,1.4275619976527274,1.4275619976527274,7.141562876584341,21.412813985249137,1.423323976928991,1.423323976928991,7.120361631720301
frame_00458,458,19.977253975513978,3.0363530226532705,438.29793933665,418.32068536113604,418.32068536113604,2093.984918417064,21.582352414040876,1.6050984385268983,1.6050984385268983,8.03462998715569,21.75459672521062,1.7773427496966434,1.7773427496966434,8.896832126553146
frame_00459,459,19.896451365822262,2.4119884149510558,20.54554977753756,0.6490984117152969,0.6490984117152969,3.2623828228500362,20.741242022606418,0.8447906567841557,0.8447906567841557,4.245936329306042,20.72094712286301,0.8244957570407472,0.8244957570407472,4.14393371904022
frame_00460,460,19.8040614208434,2.275800614735739,21.645705035708932,1.8416436148655322,1.8416436148655322,9.29932287993834,20.72022440884649,0.9161629880030908,0.9161629880030908,4.6261368743223885,20.661833844645408,0.8577724238020075,0.8577724238020075,4.331295513450682
frame_00461,461,19.714113054182906,2.018861327306353,42.79930068854109,23.08518763435818,23.08518763435818,117.09980342970594,21.475172537863198,1.7610594836802917,1.7610594836802917,8.93298866066223,21.64452897046885,1.9304159162859449,1.9304159162859449,9.792050552719909
frame_00462,462,19.63359397594383,1.6136899040361832,128.15119541758335,108.51760144163953,108.51760144163953,552.7138921921342,21.00621595782552,1.372621981881693,1.372621981881693,6.991190627469967,20.961916147796433,1.328322171852605,1.328322171852605,6.76555791812818
frame_00463,463,19.637141599604163,1.4673334182354871,26.139497142359502,6.502355542755339,6.502355542755339,33.11253580249383,21.27769352249103,1.6405519228868677,1.6405519228868677,8.35433158418503,21.24081690872551,1.6036753091213463,1.6036753091213463,8.166541454045799
frame_00464,464,19.664163414933938,1.1373753590634912,22.341089611799408,2.6769261968654696,2.6769261968654696,13.613221881753075,20.7077168107239,1.04355339578996,1.04355339578996,5.3068791881450394,20.82965348937298,1.1654900744390417,1.1654900744390417,5.926975126508108
frame_00465,465,19.766209246122703,0.8113737941545145,21.329724986662107,1.5635157405394047,1.5635157405394047,7.910043453810449,21.777098034787848,2.010888788665145,2.010888788665145,10.173365887339257,21.51236984770676,1.7461606015840587,1.7461606015840587,8.834069192739026
frame_00466,466,19.867445718839104,0.4965238091028206,24.88744000821433,5.0199942893752265,5.0199942893752265,25.267436792919323,20.52214349613101,0.6546977772919078,0.6546977772919078,3.295329387366073,20.760826076471915,0.893380357632811,0.893380357632811,4.49670466085971
frame_00467,467,19.96767220300924,0.20102272635711688,123.14004659857525,103.17237439556601,103.17237439556601,516.6970558541989,20.342610312907336,0.3749381098980962,0.3749381098980962,1.8777256862299196,20.681707645111192,0.7140354421019524,0.7140354421019524,3.575957351675391
frame_00468,468,20.067581132046953,0.2059303549210319,26.56649686211571,6.498915730068756,6.498915730068756,32.385147404189645,21.76549165231694,1.6979105202699856,1.6979105202699856,8.460962530050544,21.594178828443184,1.5265976963962302,1.5265976963962302,7.60728304199218
frame_00469,469,20.166256844261124,0.33187317548798884,22.751081852629373,2.5848250083682487,2.5848250083682487,12.81757456691242,21.07266528430912,0.906408440047997,0.906408440047997,4.49467864585857,21.237400686391453,1.0711438421303292,1.0711438421303292,5.311565008828861
frame_00470,470,20.265214585274546,0.43500852696185627,46.620143237584124,26.354928652309578,26.354928652309578,130.05008430288245,20.838393829536553,0.5731792442620076,0.5731792442620076,2.8283897110988443,21.153488990486984,0.8882744052124387,0.8882744052124387,4.383246974635501
frame_00471,471,20.363691427370142,0.7931844511462512,25.202741040837527,4.839049613467385,4.839049613467385,23.763125810104267,21.62463203484407,1.2609406074739269,1.2609406074739269,6.192102310974619,22.143872859503038,1.7801814321328955,1.7801814321328955,8.741938751538015
frame_00472,472,20.46129598789961,1.0831098493445837,24.354213746861333,3.8929177589617225,3.8929177589617225,19.025763379132552,22.091757339288993,1.630461351389382,1.630461351389382,7.9685145669834565,23.0860541630726,2.624758175172989,2.624758175172989,12.827917531349025
frame_00473,473,20.489863680739106,1.1087944577009206,26.984345356100633,6.494481675361527,6.494481675361527,31.696070684289,21.699753720176503,1.209890039437397,1.209890039437397,5.904822297938071,22.087855386229222,1.5979917054901165,1.5979917054901165,7.798937710807035
frame_00474,474,20.495265052041553,1.4259924899128513,31.855997018634316,11.360731966592763,11.360731966592763,55.43100778519138,22.33580060380455,1.840535551762997,1.840535551762997,8.98029641036362,22.869841154450583,2.37457610240903,2.37457610240903,11.585974108553899
frame_00475,475,20.491296708050214,1.8139256544488336,22.580643476853258,2.0893467688030434,2.0893467688030434,10.196264290010609,22.257316124806977,1.7660194167567624,1.7660194167567624,8.618387805896948,23.056379676610916,2.565082968560702,2.565082968560702,12.517914337519613
frame_00476,476,20.482557061914743,1.974099772536493,25.916990474437796,5.4344334125230525,5.4344334125230525,26.53200670256076,21.55696388432915,1.0744068224144065,1.0744068224144065,5.245472131075656,21.67208402317089,1.1895269612561457,1.1895269612561457,5.807512009659924
frame_00477,477,20.4903458155728,2.102580003794279,29.48721817606498,8.99687236049218,8.99687236049218,43.9078600306223,21.879329449426695,1.3889836338538935,1.3889836338538935,6.778722264405399,21.8975279123271,1.4071820967542976,1.4071820967542976,6.8675370802421
frame_00478,478,20.486044604225995,2.076524464936118,119498.38953097793,119477.9034863737,119477.9034863737,583216.0663251071,21.17819174523679,0.6921471410107962,0.6921471410107962,3.3786275212347023,21.315798389878506,0.8297537856525103,0.8297537856525103,4.050336713029236
frame_00479,479,20.490572512295493,1.28125923319371,20.30786367490484,-0.1827088373906527,0.1827088373906527,0.8916726815759645,21.64605510045982,1.1554825881643254,1.1554825881643254,5.639093722105476,21.730722240572806,1.2401497282773128,1.2401497282773128,6.052294183255023
frame_00480,480,20.492698800313395,0.3350015712857028,57.60965437253149,37.11695557221809,37.11695557221809,181.12282786125982,20.945457659073583,0.4527588587601876,0.4527588587601876,2.2093666782106003,21.313710474080064,0.8210116737666695,0.8210116737666695,4.006361884136577
frame_00481,481,20.4980530360662,1.5283255970775589,105.0164639578303,84.5184109217641,84.5184109217641,412.3240913322571,21.257853793879793,0.7598007578135935,0.7598007578135935,3.7066971993717095,21.50029525484764,1.00224221878144,1.00224221878144,4.889450803049445
frame_00482,482,20.47944605696741,2.9131188067559766,67.13693513795224,46.657489080984824,46.657489080984824,227.8259331390033,21.32829826161515,0.8488522046477378,0.8488522046477378,4.1448982667133505,21.309508390559067,0.8300623335916555,0.8300623335916555,4.053148367796091
frame_00483,483,20.45118721469171,4.1980575837115195,23.592259078060355,3.1410718633686443,3.1410718633686443,15.358872961234068,21.629939387243887,1.1787521725521763,1.1787521725521763,5.763734692650924,22.39931214105134,1.948124926359629,1.948124926359629,9.52573024689802
frame_00484,484,20.428707206396705,5.372546264252695,28.105608259543732,7.676901053147027,7.676901053147027,37.578986157005616,21.59378608274503,1.1650788763483249,1.1650788763483249,5.703145405028427,21.135721063967303,0.7070138575705975,0.7070138575705975,3.460883992449679
frame_00485,485,20.391426528884022,6.342319096448855,25.346074617814985,4.954648088930963,4.954648088930963,24.297702183379908,21.454954942307143,1.0635284134231213,1.0635284134231213,5.21556651231171,22.094700072321203,1.7032735434371808,1.7032735434371808,8.352890569105256
frame_00486,486,20.393273788104352,6.341871543868252,24.566628265611268,4.173354477506916,4.173354477506916,20.464367422661116,21.420686040253976,1.0274122521496238,1.0274122521496238,5.037995678501242,22.777003981636007,2.3837301935316546,2.3837301935316546,11.68880591855788
frame_00487,487,20.428362154507884,5.587241919660652,25.7968246440863,5.368462489578416,5.368462489578416,26.279456223531696,21.730376779246296,1.302014624738412,1.302014624738412,6.373563455017852,21.70974819085508,1.2813860363471967,1.2813860363471967,6.272583316545698
frame_00488,488,20.440536472635447,5.02265904111833,22.88069205157488,2.4401555789394322,2.4401555789394322,11.937825517476828,20.85558245158822,0.4150459789527723,0.4150459789527723,2.03050433391712,21.540605063683216,1.1000685910477692,1.1000685910477692,5.381799017459618
frame_00489,489,20.45406334086223,4.889497245366177,21.427974232924626,0.9739108920623956,0.9739108920623956,4.761454366462037,21.394485651002633,0.9404223101404021,0.9404223101404021,4.597728551381122,21.37480441235414,0.9207410714919106,0.9207410714919106,4.5015068944882675
frame_00490,490,20.451033558949277,4.735562273660094,25.09400916742131,4.642975608472032,4.642975608472032,22.70288978348621,22.32062197009393,1.8695884111446546,1.8695884111446546,9.141779586619139,22.199833909794794,1.7488003508455172,1.7488003508455172,8.551158775446096
frame_00491,491,20.471988270633968,4.2788909318368535,36.26127120758715,15.789282936953182,15.789282936953182,77.12627971559611,21.97626530982703,1.504277039193063,1.504277039193063,7.3479772424003995,22.412763352647925,1.9407750820139569,1.9407750820139569,9.480149443021617
frame_00492,492,20.4715475158085,4.1908293068331925,22.925932063836477,2.454384548027978,2.454384548027978,11.989247740712603,22.233716794467128,1.7621692786586287,1.7621692786586287,8.607894822303248,23.60403326306102,3.1324857472525203,3.1324857472525203,15.30165584616189
frame_00493,493,20.46695266567706,4.155830838426124,20.857311022255647,0.390358356578588,0.390358356578588,1.9072617353203551,21.650668550660097,1.1837158849830374,1.1837158849830374,5.783547283851987,23.155200163791502,2.6882474981144426,2.6882474981144426,13.134576221611217
frame_00494,494,20.48490175341677,3.679506108859204,23.715899727300037,3.230997973883266,3.230997973883266,15.77258223044371,22.073630890534247,1.5887291371174754,1.5887291371174754,7.755610235487138,24.113479674948344,3.6285779215315728,3.6285779215315728,17.71342604035846
frame_00495,495,20.48647391168452,3.5405056984330283,23.37748523775697,2.8910113260724515,2.8910113260724515,14.111805372341577,21.404530119821757,0.9180562081372372,0.9180562081372372,4.481279756071743,21.52054657495318,1.0340726632686597,1.0340726632686597,5.047587338487143
frame_00496,496,20.474884569520842,3.9198790681661317,19.506598446804524,-0.968286122716318,0.968286122716318,4.729140813607908,20.905316950193942,0.43043238067309986,0.43043238067309986,2.102245701125205,21.014087311716445,0.5392027421956023,0.5392027421956023,2.633483672959338
frame_00497,497,20.472270815593973,4.542439350134672,26.620090645374972,6.147819829781,6.147819829781,30.029984876412104,21.702415735525815,1.230144919931842,1.230144919931842,6.008834735591842,22.573528326999238,2.101257511405265,2.101257511405265,10.263920062080814
frame_00498,498,20.447750969340166,5.2328014057422045,23.752188485683284,3.3044375163431177,3.3044375163431177,16.160395934486232,21.533420580907592,1.0856696115674254,1.0856696115674254,5.309481777215028,22.404101855941914,1.9563508866017472,1.9563508866017472,9.567560214984745
frame_00499,499,20.45589255010862,4.933742217041634,35.6944013203905,15.238508770281879,15.238508770281879,74.49447015305604,21.44764015365761,0.9917476035489905,0.9917476035489905,4.848224545175001,21.73512762687795,1.2792350767693321,1.2792350767693321,6.253626301740324
frame_00500,500,20.4718777142327,3.9464683304435533,89.70020189125933,69.22832417702662,69.22832417702662,338.16304074978376,21.174797987523267,0.702920273290566,0.702920273290566,3.433589644792932,21.532971703421055,1.061093989188354,1.061093989188354,5.183178621913356
frame_00501,501,20.494051165180835,3.154273436045035,73.514283538428,53.02023237324717,53.02023237324717,258.71035426772016,21.70297012388017,1.2089189586993356,1.2089189586993356,5.8988774301162845,22.868303333789047,2.374252168608212,2.374252168608212,11.58507973592864
frame_00502,502,20.49368547525688,2.8283302127150174,20.937197928077655,0.44351245282077656,0.44351245282077656,2.1641419907427233,21.277513062451103,0.7838275871942244,0.7838275871942244,3.8247273197423732,21.356720059655256,0.8630345843983775,0.8630345843983775,4.211221966104463
frame_00503,503,20.502314349321278,2.496363731592548,22.158951186495145,1.656636837173867,1.656636837173867,8.08024308352637,22.079331571088126,1.577017221766848,1.577017221766848,7.6918985578769785,22.308809103724197,1.8064947544029195,1.8064947544029195,8.811174795311452
frame_00504,504,20.504595261978952,1.9275096311386217,16849.86673366883,16829.36213840685,16829.36213840685,82076.05136012133,21.578935539224954,1.0743402772460016,1.0743402772460016,5.239509795338989,21.793779682966694,1.2891844209877412,1.2891844209877412,6.287295138071984
frame_00505,505,20.501545513364245,1.3652551672817563,20.10373119878094,-0.39781431458330374,0.39781431458330374,1.9404113427642926,21.44358469624139,0.9420391828771457,0.9420391828771457,4.594966668552198,21.92253252131922,1.4209870079549738,1.4209870079549738,6.93112139779258
frame_00506,506,20.511029877585692,1.021325983735442,23.498905537389433,2.9878756598037413,2.9878756598037413,14.567165459930758,21.36582246764436,0.8547925900586684,0.8547925900586684,4.167477670113384,21.80000474415834,1.288974866572648,1.288974866572648,6.284301052972627
frame_00507,507,20.505187707644875,0.8380689156055766,23.425924188991754,2.9207364813468786,2.9207364813468786,14.243890487566475,21.812410602036515,1.3072228943916393,1.3072228943916393,6.375083774065001,22.274980776079992,1.769793068435117,1.769793068435117,8.630952779697266
frame_00508,508,20.499026443639483,1.0083673219386824,61.78260616911406,41.28357972547458,41.28357972547458,201.39287999349946,21.303769755344312,0.8047433117048293,0.8047433117048293,3.925763566954801,21.43188254298526,0.9328560993457771,0.9328560993457771,4.550733674648375
frame_00509,509,20.503602796162195,1.407139057580812,36.464188475610854,15.96058567944866,15.96058567944866,77.84283493063042,21.604450195675735,1.1008473995135404,1.1008473995135404,5.369043725913349,21.80901707229021,1.3054142761280154,1.3054142761280154,6.366755584888521
frame_00510,510,20.49111843721742,1.8684069851806497,22.635031874586822,2.1439134373694024,2.1439134373694024,10.462647238793346,21.768341947249063,1.277223510031643,1.277223510031643,6.233059039431733,21.949180479337386,1.4580620421199662,1.4580620421199662,7.115580570125106
frame_00511,511,20.476336624904096,2.4104591388484606,29.106917412495765,8.630580787591668,8.630580787591668,42.14904719379749,21.808921371019178,1.3325847461150815,1.3325847461150815,6.507925565622619,21.967453865178065,1.4911172402739687,1.4911172402739687,7.282148499455783
frame_00512,512,20.472719556468583,2.9133736550704628,340.21553893665276,319.7428193801842,319.7428193801842,1561.7994399730733,22.693249724860326,2.2205301683917433,2.2205301683917433,10.846288214259948,22.361927980322335,1.889208423853752,1.889208423853752,9.227930948025104
frame_00513,513,20.456151821977283,3.357473329030033,32.66325914087631,12.20710731889903,12.20710731889903,59.67450488798286,21.58192338698534,1.1257715650080584,1.1257715650080584,5.5033398989470435,21.72550766049156,1.2693558385142758,1.2693558385142758,6.205252334657245
frame_00514,514,20.449112942097845,3.8516428765914856,21.711927242837,1.262814300739155,1.262814300739155,6.175398924710544,22.076557259155308,1.6274443170574635,1.6274443170574635,7.958508135123569,21.972462384521908,1.5233494424240632,1.5233494424240632,7.449464662537998
frame_00515,515,20.429438028930353,4.321886039591401,342.0922677852826,321.66282975635227,321.66282975635227,1574.5065003787279,21.816454799582754,1.3870167706524015,1.3870167706524015,6.789304574546944,22.00760952449786,1.5781714955675064,1.5781714955675064,7.724987311607104
frame_00516,516,20.421674843831255,4.767819448564449,26.272015394189292,5.8503405503580375,5.8503405503580375,28.647701988680133,22.431840132717127,2.0101652888858723,2.0101652888858723,9.843292992656183,22.74134722827212,2.3196723844408638,2.3196723844408638,11.358874343950118
frame_00517,517,20.41313150155496,5.217401423217497,22.841140861460246,2.4280093599052854,2.4280093599052854,11.894350260372022,21.65364440128594,1.2405128997309802,1.2405128997309802,6.077033793842384,22.233146843645173,1.8200153420902119,1.8200153420902119,8.915904656527458
frame_00518,518,20.391277895047278,5.598541853625588,94.50733349285142,74.11605559780413,74.11605559780413,363.46940088441323,22.08427924306868,1.6930013480214008,1.6930013480214008,8.302576016741963,22.68465572026224,2.293377825214961,2.293377825214961,11.246856803280517
frame_00519,519,20.380595187276402,5.962360096746909,241.0408162179132,220.6602210306368,220.6602210306368,1082.6976297944177,22.38234504785899,2.0017498605825885,2.0017498605825885,9.821842012898035,22.338736085480832,1.9581408982044302,1.9581408982044302,9.607869054908155
frame_00520,520,20.36075823232965,6.259982870253828,30.080073546529515,9.719315314199864,9.719315314199864,47.735527347734696,21.939397055221832,1.5786388228921808,1.5786388228921808,7.75334005187269,22.262736359552694,1.9019781272230425,1.9019781272230425,9.341391442893336
frame_00521,521,20.356445866503876,6.5407320158550775,77.77434162896392,57.41789576246005,57.41789576246005,282.0624785829635,21.945587789494034,1.5891419229901587,1.5891419229901587,7.806578483354307,22.399142827445925,2.042696960942049,2.042696960942049,10.034644428295147
frame_00522,522,20.338516497855295,6.792654337339722,42.74488423263297,22.406367734777675,22.406367734777675,110.16716847140957,22.092096962258466,1.7535804644031714,1.7535804644031714,8.62196839473561,21.92344369995789,1.5849272021025946,1.5849272021025946,7.7927375001501495
frame_00523,523,20.33216353613892,7.110505920713387,155.95295937234079,135.62079583620186,135.62079583620186,667.0258951790639,21.899216762075213,1.5670532259362915,1.5670532259362915,7.707262550544461,22.637428709954115,2.3052651738151937,2.3052651738151937,11.338021995139647
frame_00524,524,20.313111845881142,7.357889870883154,90.71032145165206,70.39720960577093,70.39720960577093,346.5604390892243,21.554036900642423,1.2409250547612807,1.2409250547612807,6.108985487680958,22.023820785951372,1.71070894007023,1.71070894007023,8.421698029576438
frame_00525,525,20.308091193692867,7.590342860780434,22.890681471678093,2.5825902779852257,2.5825902779852257,12.717050821533176,22.125361023961467,1.8172698302686001,1.8172698302686001,8.948501427022318,23.15911798099258,2.8510267872997126,2.8510267872997126,14.03887130556693
frame_00526,526,20.291761036790998,7.8043453032783,26.80417288759639,6.5124118508053925,6.5124118508053925,32.09387218289106,22.99988433418332,2.708123297392323,2.708123297392323,13.34592543487095,23.12714757652564,2.8353865397346425,2.8353865397346425,13.973092500911095
frame_00527,527,20.287714019475686,8.00225183474538,116.17051637984943,95.88280236037374,95.88280236037374,472.6151121231733,23.114846238822423,2.827132219346737,2.827132219346737,13.935193569037706,24.557474448549637,4.269760429073951,4.269760429073951,21.046040105726505
frame_00528,528,20.274131879768763,8.135437259926736,114.98749812486298,94.71336624509422,94.71336624509422,467.1636093065331,21.462583835708617,1.188451955939854,1.188451955939854,5.86191291931859,22.48357530888249,2.209443429113726,2.209443429113726,10.897844811389902
frame_00529,529,20.273974392264293,8.262918122023619,53.569377500691274,33.29540310842698,33.29540310842698,164.22731164704996,21.495529510832764,1.221555118568471,1.221555118568471,6.025237553000785,23.507499964509837,3.2335255722455436,3.2335255722455436,15.94914499585894
frame_00530,530,20.273511272370495,8.34488220151096,80.99340125006101,60.719889977690514,60.719889977690514,299.5035697661404,21.345655792378036,1.0721445200075408,1.0721445200075408,5.288400739287327,22.345366950675565,2.07185567830507,2.07185567830507,10.219520686229982
frame_00531,531,20.26233499666958,8.384619196604733,29.517553448184263,9.255218451514683,9.255218451514683,45.67695901304523,21.169488579020697,0.9071535823511176,0.9071535823511176,4.477043650202319,21.282142614318445,1.0198076176488655,1.0198076176488655,5.033021208150425
frame_00532,532,20.26463221531783,8.436248496186245,30.203476138152,9.938843922834167,9.938843922834167,49.04527166953218,21.538613756085763,1.273981540767931,1.273981540767931,6.286724216020763,21.745541248224324,1.4809090329064922,1.4809090329064922,7.307850530773947
frame_00533,533,20.269455023476723,8.419132544185302,23.54189867913441,3.2724436556576855,3.2724436556576855,16.144704689235294,21.613722213794738,1.3442671903180141,1.3442671903180141,6.6319848696525945,21.972044226213935,1.7025892027372116,1.7025892027372116,8.399777896175399
frame_00534,534,20.27436894066099,8.42017299143389,37.84416864703813,17.56979970637714,17.56979970637714,86.6601557750104,21.7853423857841,1.5109734451231098,1.5109734451231098,7.452628733083757,22.035331507027163,1.760962566366171,1.760962566366171,8.685659077824592
frame_00535,535,20.269355281416125,8.338911496092857,21.045816716013142,0.7764614345970173,0.7764614345970173,3.830715993758878,21.60621263652057,1.3368573551044456,1.3368573551044456,6.595460667316526,23.30981719618491,3.040461914768784,3.040461914768784,15.000289217666527
frame_00536,536,20.2789310933127,8.272479755818152,21.23022293361351,0.9512918403008115,0.9512918403008115,4.691035419586366,21.4506110392855,1.1716799459728016,1.1716799459728016,5.777819060488754,22.698717140763915,2.4197860474512147,2.4197860474512147,11.93251279525861
frame_00537,537,20.2904494804211,8.115752250044315,8699.716049201501,8679.42559972108,8679.42559972108,42775.91587163278,22.770666961556778,2.4802174811356785,2.4802174811356785,12.223570914626212,23.07204742519746,2.7815979447763617,2.7815979447763617,13.708902542846152
frame_00538,538,20.291680711807924,7.952956407732314,84.92201766339939,64.63033695159146,64.63033695159146,318.50657355347823,22.9114970004574,2.6198162886494742,2.6198162886494742,12.910790022065436,24.274657106923758,3.982976395115834,3.982976395115834,19.62861751909048
frame_00539,539,20.30229213562647,7.863856629889229,123.25099235501929,102.94870021939282,102.94870021939282,507.07919840606763,21.296380369963146,0.9940882343366759,0.9940882343366759,4.896433504629999,21.39182583293786,1.089533697311392,1.089533697311392,5.366555116205219
frame_00540,540,20.31602908812784,7.664732441315915,24.193086503341096,3.8770574152132546,3.8770574152132546,19.083736287220155,22.823095467847764,2.507066379719923,2.507066379719923,12.340336631950322,23.451661829529055,3.1356327414012135,3.1356327414012135,15.43427964096387
frame_00541,541,20.322305137122093,7.39128475593193,46.61553564521113,26.29323050808904,26.29323050808904,129.3811422015313,21.238291407592712,0.9159862704706185,0.9159862704706185,4.507295133549669,21.19999014546846,0.877685008346365,0.877685008346365,4.3188260506094185
frame_00542,542,20.34113327692727,7.176469907049551,21.757452784068708,1.4163195071414378,1.4163195071414378,6.962834803053741,23.12995659794728,2.7888233210200113,2.7888233210200113,13.710265219998059,23.77762855272919,3.4364952758019207,3.4364952758019207,16.894315714945442
frame_00543,543,20.348088170073854,6.885762813299807,27.255199723920875,6.90711155384702,6.90711155384702,33.94476914054943,22.154419133151826,1.806330963077972,1.806330963077972,8.877153214494921,23.66382050715969,3.315732337085837,3.315732337085837,16.295055876366405
frame_00544,544,20.3677619562482,6.619157701630351,16637.883412534233,16617.515650577985,16617.515650577985,81587.3422238237,22.079027678798234,1.711265722550035,1.711265722550035,8.40183485169352,22.61476815395697,2.247006197708771,2.247006197708771,11.032170360865099
frame_00545,545,20.376245933426056,6.285940882402919,93.3884871048417,73.01224117141564,73.01224117141564,358.3203766285686,22.373144839660455,1.9968989062343994,1.9968989062343994,9.80013154905341,23.51131831514547,3.1350723817194144,3.1350723817194144,15.385917464691124
frame_00546,546,20.395994733378526,6.009916792916904,22.49207836574754,2.0960836323690124,2.0960836323690124,10.276937505473672,21.718727940819306,1.3227332074407805,1.3227332074407805,6.485259604799252,21.97244121819643,1.5764464848179038,1.5764464848179038,7.729196371275838
frame_00547,547,20.40619680383267,5.628243644248648,22.932713406598545,2.5265166027658736,2.5265166027658736,12.381124356751013,22.045170497120978,1.6389736932883068,1.6389736932883068,8.031745008851804,21.890919873839984,1.4847230700073126,1.4847230700073126,7.275844118726001
frame_00548,548,20.41367147312243,5.219203067463827,52.671121838108625,32.2574503649862,32.2574503649862,158.0188571539315,21.759960084348414,1.346288611225983,1.346288611225983,6.5950341808849435,21.72911305452912,1.315441581406688,1.315441581406688,6.44392451959785
frame_00549,549,20.433255217101447,4.857364870740431,25.926052729225884,5.492797512124437,5.492797512124437,26.88165666098706,22.477005451472557,2.0437502343711103,2.0437502343711103,10.002078536466428,24.806596053115463,4.373340836014016,4.373340836014016,21.403054919775016
frame_00550,550,20.44279010426996,4.433405498708065,46.10944625078462,25.66665614651466,25.66665614651466,125.55358645077304,22.90180839110701,2.4590182868370505,2.4590182868370505,12.028780192403513,25.981328565004706,5.538538460734745,5.538538460734745,27.092869576437565
frame_00551,551,20.448181409434984,3.958910428358018,28.335808560578535,7.887627151143551,7.887627151143551,38.57373422706494,21.88300081285589,1.4348194034209065,1.4348194034209065,7.0168558009704824,23.022487791688476,2.574306382253493,2.574306382253493,12.589414827206511
frame_00552,552,20.466421467129127,3.513989019509454,81.57579425594902,61.1093727888199,61.1093727888199,298.5835745001486,22.392594186744418,1.9261727196152911,1.9261727196152911,9.411380112096754,23.906658476489973,3.440237009360846,3.440237009360846,16.809176996995635
frame_00553,553,20.453358371429367,3.0657381436873803,90.40852424273125,69.95516587130189,69.95516587130189,342.0228825062782,21.582507090242608,1.1291487188132407,1.1291487188132407,5.520603014468822,22.020510313092675,1.5671519416633082,1.5671519416633082,7.662076384738909
frame_00554,554,20.366317864209538,2.5428951628535574,27.425375014657654,7.059057150448115,7.059057150448115,34.6604486756698,22.04919122382513,1.6828733596155914,1.6828733596155914,8.263022166480889,23.78784078676262,3.4215229225530805,3.4215229225530805,16.799909268655018
frame_00555,555,20.276159115907543,2.144600850546466,2211.774711546204,2191.4985524302965,2191.4985524302965,10808.252884102538,21.041087821383236,0.7649287054756932,0.7649287054756932,3.7725522920934904,21.42200571931095,1.145846603403406,1.145846603403406,5.651201476834134
frame_00556,556,20.185052408980905,1.7378798082634184,320.0249781299758,299.8399257209949,299.8399257209949,1485.455274753647,21.179836643148853,0.9947842341679483,0.9947842341679483,4.928321284542915,21.312730712002256,1.1276783030213515,1.1276783030213515,5.586699901356785
frame_00557,557,20.129792388095897,1.1773178047901995,174.70352498613042,154.57373259803452,154.57373259803452,767.8853791330923,20.42776642257543,0.29797403447953386,0.29797403447953386,1.4802638235640522,20.85477653322659,0.7249841451306942,0.7249841451306942,3.60154804954385
frame_00558,558,20.182779256162593,0.5686392949965859,22.831658408630386,2.648879152467792,2.648879152467792,13.124451884687714,21.224677395682612,1.0418981395200184,1.0418981395200184,5.162312515516842,22.720740621051704,2.53796136488911,2.53796136488911,12.57488541432752
frame_00559,559,20.28055149719453,0.16926451550335922,42.84099402328631,22.560442526091776,22.560442526091776,111.24176050741336,21.699002522746586,1.4184510255520557,1.4184510255520557,6.994144245772974,22.54362977080909,2.2630782736145605,2.2630782736145605,11.158859629273982
frame_00560,560,20.375468141556727,0.7034180278172435,40.605315723959585,20.229847582402858,20.229847582402858,99.28531428999725,21.422114164083883,1.046646022527156,1.046646022527156,5.13679496959617,21.982482965740385,1.6070148241836577,1.6070148241836577,7.887008107097551
frame_00561,561,20.469003637820688,1.2430883183987689,42.095551441188256,21.62654780336757,21.62654780336757,105.65510752759884,21.707643172385673,1.2386395345649852,1.2386395345649852,6.051293734084567,21.72465978568165,1.255656147860961,1.255656147860961,6.13442730324635
frame_00562,562,20.562196817536584,1.7334775123986954,28.843796017318482,8.281599199781898,8.281599199781898,40.27584831168861,21.45386875037122,0.8916719328346367,0.8916719328346367,4.336462396246345,22.066580755556917,1.5043839380203323,1.5043839380203323,7.31626076420643
frame_00563,563,20.653884371492857,2.23008512555018,1065.0978372771056,1044.4439529056126,1044.4439529056126,5056.888738794272,21.570995611031314,0.9171112395384569,0.9171112395384569,4.440381397720434,21.4806853272215,0.8268009557286433,0.8268009557286433,4.003125711644925
frame_00564,564,20.744856139102342,2.703063373146797,181.2381891050851,160.49333296598275,160.49333296598275,773.6536319645334,23.07757779933821,2.332721660235869,2.332721660235869,11.244819653576103,24.02430104071018,3.279444901607839,3.279444901607839,15.808472614212809
frame_00565,565,20.835283465089123,3.1201819653050746,20.4056855261382,-0.42959793895092346,0.42959793895092346,2.0618771022277804,22.07492816348291,1.2396446983937857,1.2396446983937857,5.949737619221218,22.98070848379809,2.1454250187089663,2.1454250187089663,10.297076218347428
frame_00566,566,20.92382172828632,3.62286544259155,24.866563957731813,3.942742229445493,3.942742229445493,18.84331782522985,22.223584333242524,1.2997626049562037,1.2997626049562037,6.211879559263743,22.504105827433754,1.580284099147434,1.580284099147434,7.552559564255381
frame_00567,567,21.01088700993036,4.106052527734447,109.67840646719883,88.66751945726847,88.66751945726847,422.00750218380404,22.425034287564145,1.4141472776337842,1.4141472776337842,6.73054534520802,22.743633486955254,1.732746477024893,1.732746477024893,8.24689826853072
frame_00568,568,21.09745586325563,4.593973966757565,26.815902229104505,5.718446365848877,5.718446365848877,27.10490972424976,23.524591923277058,2.4271360600214287,2.4271360600214287,11.504401648014102,22.615180358760686,1.5177244955050568,1.5177244955050568,7.1938744905654755
frame_00569,569,21.185316136615736,5.000083459743078,26.527855184426677,5.342539047810941,5.342539047810941,25.218122842062005,22.484608756422986,1.2992926198072503,1.2992926198072503,6.132986694315181,23.00326918425137,1.8179530476356334,1.8179530476356334,8.581193860466241
frame_00570,570,21.272184050495028,5.430262828470972,32.84733372755919,11.57514967706416,11.57514967706416,54.41448630562593,22.486368512802947,1.2141844623079194,1.2141844623079194,5.707850493516504,23.42690887303614,2.1547248225411124,2.1547248225411124,10.12930697396335
frame_00571,571,21.359011181149732,5.83734004366216,209.6970844342701,188.33807325312037,188.33807325312037,881.7733726331724,23.916539995460894,2.557528814311162,2.557528814311162,11.974003817968379,24.65695766019664,3.2979464790469066,3.2979464790469066,15.440539129252809
frame_00572,572,21.447217431007868,6.191845684214657,25.448879139902775,4.001661708894908,4.001661708894908,18.658185947746315,22.866143823065585,1.4189263920577169,1.4189263920577169,6.615899692452725,23.407981928682403,1.9607644976745355,1.9607644976745355,9.142279197672092
frame_00573,573,21.536299818749082,6.496664658310237,21.623641246805498,0.08734142805641554,0.08734142805641554,0.4055544768204694,23.0864734590495,1.550173640300418,1.550173640300418,7.197957185527604,24.699445137176813,3.1631453184277305,3.1631453184277305,14.6875059552893
frame_00574,574,21.625527929349595,6.78709213517328,41.48348400081069,19.857956071461096,19.857956071461096,91.82645684459986,22.628030127543745,1.0025021981941507,1.0025021981941507,4.6357351435272065,23.372316843960366,1.7467889146107716,1.7467889146107716,8.077439405491118
frame_00575,575,21.715662184514407,7.032777531577297,119.88857100344188,98.17290881892748,98.17290881892748,452.0834224845111,25.2851980646393,3.569535880124892,3.569535880124892,16.437610098163866,24.371389158967553,2.6557269744531453,2.6557269744531453,12.229546360999127
frame_00576,576,21.8045657167171,7.290126916280956,55.159385845238816,33.354820128521716,33.354820128521716,152.97172418778916,24.026659684434144,2.2220939677170435,2.2220939677170435,10.190957236141653,24.71262598252484,2.908060265807741,2.908060265807741,13.336932748805872
frame_00577,577,21.89278221630341,7.5613681694778245,222.98965246256043,201.09687024625703,201.09687024625703,918.5532850936667,23.268427432664872,1.3756452163614625,1.3756452163614625,6.283555935330269,23.68094569709824,1.7881634807948323,1.7881634807948323,8.167821993237565
frame_00578,578,21.983031682360014,7.765450962427603,53.43029214222881,31.447260459868794,31.447260459868794,143.05242750072193,24.362797596977785,2.3797659146177708,2.3797659146177708,10.825467337734775,24.458865948690892,2.475834266330878,2.475834266330878,11.262478724977582
frame_00579,579,22.07772967328211,7.888782987558826,7228.180040799678,7206.102311126396,7206.102311126396,32639.689033999864,22.949061717573027,0.8713320442909165,0.8713320442909165,3.9466560066879506,23.57615024081982,1.4984205675377105,1.4984205675377105,6.787022894618823
frame_00580,580,22.176280188477506,7.929817890991511,48.29686002530246,26.12057983682495,26.12057983682495,117.78611928973034,22.879090974471165,0.702810785993659,0.702810785993659,3.169200515237131,23.776550421615518,1.600270233138012,1.600270233138012,7.216134624640478
frame_00581,581,22.276184081539135,7.925852274783876,117.29807575790062,95.02189167636149,95.02189167636149,426.5626973118284,22.549815318854773,0.2736312373156373,0.2736312373156373,1.2283577668152006,22.89675333613307,0.620569254593935,0.620569254593935,2.78579694045632
frame_00582,582,22.374728502563137,7.9485940672664785,56.58395960812531,34.209231105562175,34.209231105562175,152.89227353817205,22.99995286948292,0.6252243669197846,0.6252243669197846,2.7943327529009436,23.104334661205133,0.729606158641996,0.729606158641996,3.2608492145878594
frame_00583,583,22.472414933673303,7.972966532023062,21112.899992005936,21090.427577072263,21090.427577072263,93850.29441348456,23.422022792097387,0.9496078584240841,0.9496078584240841,4.225660042442367,23.19359564833721,0.7211807146639089,0.7211807146639089,3.2091820874278683
frame_00584,584,22.5677975025547,8.011412204907908,6408.805112667325,6386.237315164771,6386.237315164771,28298.008764221857,23.415848749083093,0.8480512465283923,0.8480512465283923,3.7577935836777687,23.61517284423153,1.0473753416768297,1.0473753416768297,4.641017102170761
frame_00585,585,22.665023975358757,8.01315519380162,6073.737776654019,6051.07275267866,6051.07275267866,26697.84404047991,23.973363500649246,1.3083395252904886,1.3083395252904886,5.772504484058369,24.08858836128216,1.4235643859234024,1.4235643859234024,6.280886300720841
frame_00586,586,22.767038742113307,7.919372104227972,141.62856862432963,118.86152988221633,118.86152988221633,522.0772504873562,23.76957805730607,1.002539315192763,1.002539315192763,4.403468218017818,23.429232754788845,0.6621940126755383,0.6621940126755383,2.9085645268861673
frame_00587,587,22.871450661461044,7.762477251037064,94.99567247288962,72.12422181142858,72.12422181142858,315.34607436580166,24.655818859150084,1.7843681976890409,1.7843681976890409,7.801727245468277,25.248185602028865,2.3767349405678218,2.3767349405678218,10.391710502966385
frame_00588,588,22.975975706822105,7.6027624445787065,245.56271565839035,222.58673995156823,222.58673995156823,968.7803590664357,24.173872552701518,1.1978968458794128,1.1978968458794128,5.213693038175215,23.967091747778927,0.9911160409568218,0.9911160409568218,4.313705992745006
frame_00589,589,23.08070967990715,7.417099287365677,25.292658500503297,2.2119488205961453,2.2119488205961453,9.583539030092092,24.107967970117272,1.0272582902101206,1.0272582902101206,4.450722289117468,23.956353704858238,0.875644024951086,0.875644024951086,3.793834925766496
frame_00590,590,23.185218922316242,7.234961507219619,23.96558125242647,0.7803623301102292,0.7803623301102292,3.365775120454501,23.526137185277754,0.3409182629615124,0.3409182629615124,1.4704120936005987,23.83937343790203,0.6541545155857875,0.6541545155857875,2.821429108681612
frame_00591,591,23.292560393252277,6.9823559702322475,29.882152478751067,6.58959208549879,6.58959208549879,28.29054416622982,25.698594150912434,2.4060337576601576,2.4060337576601576,10.329623352000288,27.58299907528484,4.290438682032562,4.290438682032562,18.419781293238497
frame_00592,592,23.40472228333905,6.6117630454727285,30.958503663600602,7.553781380261551,7.553781380261551,32.27460376933763,23.791429262903897,0.38670697956484545,0.38670697956484545,1.6522604920637223,24.172365921894073,0.7676436385550218,0.7676436385550218,3.2798664699451643
frame_00593,593,23.51383436093928,6.287776002465602,31.135859479704123,7.622025118764842,7.622025118764842,32.41506681456598,25.199051616440517,1.685217255501236,1.685217255501236,7.166918119916187,24.79186874871306,1.2780343877737792,1.2780343877737792,5.4352444954567884
frame_00594,594,23.62131558587654,5.9865883407681055,26.22898096373511,2.60766537785857,2.60766537785857,11.03945869728663,23.56719381378362,-0.054121772092919684,0.054121772092919684,0.22912259859598896,23.58582998843817,-0.03548559743837032,0.03548559743837032,0.15022701555025822
frame_00595,595,23.72806475356383,5.670355055314532,29.523385861721625,5.795321108157793,5.795321108157793,24.42390969658563,24.678974826833535,0.9509100732697036,0.9509100732697036,4.007533202331142,24.8677295662534,1.139664812689567,1.139664812689567,4.803024707349533
frame_00596,596,23.83400023283738,5.358266739094136,40.04998111642016,16.215980883582784,16.215980883582784,68.03717682792147,24.613051556077245,0.7790513232398659,0.7790513232398659,3.268655347945013,24.968796616179503,1.134796383342124,1.134796383342124,4.761250198272022
frame_00597,597,23.94025575942753,5.021604786389348,670.645330556151,646.7050747967235,646.7050747967235,2701.3290137556482,25.322151989487526,1.381896230059997,1.381896230059997,5.7722701208645795,25.416487155807737,1.4762313963802072,1.4762313963802072,6.16631422493837
frame_00598,598,24.046887969011873,4.648378967111609,21.318310941742542,-2.7285770272693313,2.7285770272693313,11.346902895649215,24.400230174045596,0.35334220503372293,0.35334220503372293,1.4693884942162116,24.655186557264688,0.6082985882528149,0.6082985882528149,2.529635389979367
frame_00599,599,24.155745934856704,4.209583858361787,23.720276205475717,-0.43546972938098705,0.43546972938098705,1.8027583604967665,25.56757832783081,1.4118323929741052,1.4118323929741052,5.8447062524235,25.590348463961057,1.4346025291043532,1.4346025291043532,5.938970102489048
frame_00600,600,24.263286324689165,3.793399980318984,22.010721307873116,-2.2525650168160496,2.2525650168160496,9.28384138353075,27.303483944838412,3.0401976201492467,3.0401976201492467,12.530032327301377,26.97045331634025,2.7071669916510857,2.7071669916510857,11.157462164951669
frame_00601,601,24.370070751522434,3.3464877817048224,27.275423024389394,2.90535227286696,2.90535227286696,11.921804833847101,26.46231199600202,2.0922412444795846,2.0922412444795846,8.585289988741124,27.497466551541596,3.127395800019162,3.127395800019162,12.832936891756002
frame_00602,602,24.47602386669429,2.9338629284952553,67.74788839334433,43.271864526650035,43.271864526650035,176.7928678380321,25.254523786434163,0.7784999197398719,0.7784999197398719,3.1806633462194585,25.730142727401365,1.2541188607070737,1.2541188607070737,5.123866799352218
frame_00603,603,24.555984796912767,2.4156146543904895,134.34038156223824,109.78439676532547,109.78439676532547,447.077963572969,26.65647013253014,2.100485335617371,2.100485335617371,8.553863153887637,28.735275855265222,4.1792910583524545,4.1792910583524545,17.019439834796948
frame_00604,604,24.55910664240062,1.9658538821947342,30.913929885991045,6.354823243590424,6.354823243590424,25.875628686830964,24.724613818461062,0.16550717606044074,0.16550717606044074,0.673913666609913,24.722819752807478,0.16371311040685654,0.16371311040685654,0.6666085733110926
frame_00605,605,24.5545744590131,1.7366769241936169,190.3202812186401,165.765706759627,165.765706759627,675.0909368693228,24.969225969524032,0.4146515105109323,0.4146515105109323,1.6886935312321352,25.677302432016987,1.1227279730038866,1.1227279730038866,4.572378050688529
frame_00606,606,24.567820826609136,1.3765134927388014,26.133067766827626,1.5652469402184899,1.5652469402184899,6.371126488040763,24.702600375632976,0.1347795490238397,0.1347795490238397,0.54860196993077,24.812860178752082,0.24503935214294614,0.24503935214294614,0.997399622344798
frame_00607,607,24.569653184709743,0.855661066395021,1193.2703721565808,1168.700718971871,1168.700718971871,4756.68382531008,25.747518792730965,1.1778656080212215,1.1778656080212215,4.793985487569821,25.613159264598487,1.0435060798887434,1.0435060798887434,4.247133942200459
frame_00608,608,24.56461858426421,0.5256455352389701,177.13749211860852,152.5728735343443,152.5728735343443,621.1082537714653,25.838505989136248,1.2738874048720383,1.2738874048720383,5.185862750126619,25.288087477513574,0.7234688932493647,0.7234688932493647,2.945166401699434
frame_00609,609,24.57378922303295,0.553118838124077,127.93729385767594,103.363504634643,103.363504634643,420.6250151187943,25.120439700717277,0.5466504776843273,0.5466504776843273,2.2245265991455367,25.148511360136876,0.574722137103926,0.574722137103926,2.3387607498693783
frame_00610,610,24.568127896197442,0.8493038112540008,331.2558761778003,306.68774828160286,306.68774828160286,1248.315498752637,26.877905280011916,2.309777383814474,2.309777383814474,9.40151969891028,27.836295802818025,3.268167906620583,3.268167906620583,13.302470259145865
frame_00611,611,24.57480853808907,1.2104120932977969,71.62309593668421,47.048287398595136,47.048287398595136,191.44925310678983,27.27041341907503,2.695604880985961,2.695604880985961,10.968976123691789,28.828773530315278,4.253964992226209,4.253964992226209,17.310267079529382
frame_00612,612,24.572250199880322,1.510261901860001,28.569294362229634,3.9970441623493116,3.9970441623493116,16.26649627053195,25.771600911021437,1.1993507111411148,1.1993507111411148,4.880915265737267,26.273985292995356,1.7017350931150332,1.7017350931150332,6.925434501408916
frame_00613,613,24.563537615846727,1.872246224945676,29.888368498129356,5.32483088228263,5.32483088228263,21.67778503877801,26.35086085650461,1.7873232406578836,1.7873232406578836,7.276326678225795,26.215099457872995,1.6515618420262683,1.6515618420262683,6.723631863843556
frame_00614,614,24.569232215900794,2.282865440364542,163.57623314850323,139.00700093260244,139.00700093260244,565.7767394238696,26.482704827395377,1.9134726114945835,1.9134726114945835,7.788084685268334,26.368910361403728,1.7996781455029343,1.7996781455029343,7.324926272373351
frame_00615,615,24.556362982316628,2.919914980242418,149.57840650717515,125.02204352485852,125.02204352485852,509.1228029773325,27.903232106789766,3.3468691244731374,3.3468691244731374,13.629335610013841,28.11268783631035,3.556324853993722,3.556324853993722,14.482294697120578
frame_00616,616,24.530272347759375,3.9717169558902157,212.52009885358805,187.9898265058287,187.9898265058287,766.3584971285486,26.616580021892943,2.086307674133568,2.086307674133568,8.505032657430458,26.542934579908906,2.0126622321495304,2.0126622321495304,8.20480997363802
frame_00617,617,24.500968731898023,5.254548259842159,253.6265191820858,229.12555045018777,229.12555045018777,935.1693516994992,25.759411188326673,1.25844245642865,1.25844245642865,5.136296732587038,26.69779959729513,2.196830865397107,2.196830865397107,8.966302065179299
frame_00618,618,24.445588052629233,6.540602683011576,88.82907988565762,64.38349183302839,64.38349183302839,263.3746903302809,26.1543260398467,1.708737987217468,1.708737987217468,6.98996474758023,26.123951941144227,1.678363888514994,1.678363888514994,6.865712884065713
frame_00619,619,24.39022601474486,7.773536666158593,37.63160578779283,13.241379773047967,13.241379773047967,54.28969688531392,25.611743040288367,1.2215170255435055,1.2215170255435055,5.008223477736737,25.791311999018163,1.4010859842733012,1.4010859842733012,5.744456748479038
frame_00620,620,24.316798492822002,8.873386610737802,37.27258976919921,12.955791276377205,12.955791276377205,53.279181797725485,25.66017724816891,1.343378755346908,1.343378755346908,5.524488578311226,25.518599979295466,1.2018014864734639,1.2018014864734639,4.942268559030169
frame_00621,621,24.251621693141928,9.863865706568355,335.0830381911699,310.831416498028,310.831416498028,1281.693325217618,24.915062058817462,0.6634403656755339,0.6634403656755339,2.735653615540057,25.286215078633802,1.034593385491874,1.034593385491874,4.266079186714531
frame_00622,622,24.218981969586878,10.265348051075138,25.520631343203224,1.3016493736163461,1.3016493736163461,5.374500774850485,25.482498834374475,1.2635168647875972,1.2635168647875972,5.217051923876344,25.52806591887295,1.309083949286073,1.309083949286073,5.405198083593946
frame_00623,623,24.235289614727524,10.050545758269134,98762.94189078086,98738.70660116614,98738.70660116614,407417.068955362,25.58281657514328,1.347526960415756,1.347526960415756,5.560185093050749,26.038439485579747,1.8031498708522236,1.8031498708522236,7.4401828883302015
frame_00624,624,24.243600771324644,9.782281539423662,75.67877627290167,51.43517550157703,51.43517550157703,212.1598024432683,25.561270400080236,1.317669628755592,1.317669628755592,5.435123442199779,25.78226735069376,1.5386665793691172,1.5386665793691172,6.346691623420288
frame_00625,625,24.2454435225719,9.820261405482054,77.6726720716605,53.427228549088596,53.427228549088596,220.35987297716036,25.331869025850754,1.0864255032788535,1.0864255032788535,4.480947120094621,26.068085647551037,1.8226421249791365,1.8226421249791365,7.5174625008707405
frame_00626,626,24.23050587565882,10.020554082881567,63.4826945002849,39.25218862462608,39.25218862462608,161.99492006503073,26.191861021956143,1.961355146297322,1.961355146297322,8.09456953297717,26.932254230407906,2.7017483547490855,2.7017483547490855,11.150193762414073
frame_00627,627,24.21025797624574,10.088662251719548,81.07290420603225,56.862646229786506,56.862646229786506,234.87005502204127,25.581879495057866,1.3716215188121268,1.3716215188121268,5.665456023467053,25.673079259008478,1.4628212827627394,1.4628212827627394,6.042154875829942
frame_00628,628,24.200664929290365,10.203775197728165,7297.129793994628,7272.929129065337,7272.929129065337,30052.600415382887,26.7780607674911,2.5773958382007365,2.5773958382007365,10.650103398941251,26.334765400968024,2.134100471677659,2.134100471677659,8.81835469361311
frame_00629,629,24.175657991336017,10.340652198810789,33.61431223826767,9.438654246931655,9.438654246931655,39.04197457754509,25.547315987149055,1.3716579958130382,1.3716579958130382,5.6737152564972915,25.75953305895657,1.5838750676205535,1.5838750676205535,6.551528269419499
frame_00630,630,24.158072787849722,10.539179872291413,1208.552500166003,1184.3944273781533,1184.3944273781533,4902.685896260083,25.46941186001366,1.311339072163939,1.311339072163939,5.4281609451209025,25.17071030000077,1.0126375121510485,1.0126375121510485,4.191714798791208
frame_00631,631,24.1409019110496,10.694058996404216,240.09015057938282,215.9492486683332,215.9492486683332,894.5367884929373,25.292377598725146,1.1514756876755463,1.1514756876755463,4.769812212974948,26.20548898864908,2.06458707759948,2.06458707759948,8.552236719268937
frame_00632,632,24.117736940970328,10.906929751997177,97331.44266555099,97307.32492861002,97307.32492861002,403467.8923929546,27.08129476208279,2.963557821112463,2.963557821112463,12.287876878191168,27.60873701261707,3.4910000716467415,3.4910000716467415,14.474824400776834
frame_00633,633,24.09309037847987,11.125150507569018,52.030210404223865,27.937120025743994,27.937120025743994,115.9549048581067,26.23309198074973,2.1400016022698587,2.1400016022698587,8.882221286901926,26.551019542518944,2.457929164039072,2.457929164039072,10.201801119853487
frame_00634,634,24.06671307220129,11.355001958404372,25.482558941086076,1.4158458688847873,1.4158458688847873,5.883004732042893,26.202054841978644,2.135341769777355,2.135341769777355,8.872594123556581,25.995381179856928,1.9286681076556391,1.9286681076556391,8.013840950650563
frame_00635,635,24.029994198294684,11.533149503253593,22.768872401786798,-1.2611217965078865,1.2611217965078865,5.248115276687763,25.52351291615599,1.4935187178613063,1.4935187178613063,6.215227126302409,25.312543674759514,1.2825494764648298,1.2825494764648298,5.337285834866524
frame_00636,636,24.008859445378942,11.70096386037614,52.21712246160783,28.208263016228887,28.208263016228887,117.49105816710598,25.463210983134385,1.4543515377554428,1.4543515377554428,6.057561964008108,25.474658977544696,1.4657995321657538,1.4657995321657538,6.105244339076177
frame_00637,637,23.99294935862487,11.807011052415081,22.476161229384054,-1.5167881292408154,1.5167881292408154,6.321807738470334,25.686276738404125,1.6933273797792552,1.6933273797792552,7.057604108894374,25.574966229795464,1.5820168711705946,1.5820168711705946,6.5936740311665725
frame_00638,638,23.983813784926955,11.840717284653884,1414611.6034931417,1414587.6196793567,1414587.6196793567,5898092.9070103895,26.317154755758047,2.3333409708310917,2.3333409708310917,9.728815407570918,26.561560797369268,2.5777470124423125,2.5777470124423125,10.747861184872702
frame_00639,639,23.980693120676133,11.79906371765377,28.633428073630938,4.652734952954805,4.652734952954805,19.402003643269264,25.745557041601312,1.7648639209251797,1.7648639209251797,7.359520060758859,25.487529447178524,1.5068363265023912,1.5068363265023912,6.283539507885193
frame_00640,640,23.976492783349677,11.779391821863715,620.3780416716021,596.4015488882524,596.4015488882524,2487.442822756878,26.321948795116327,2.3454560117666503,2.3454560117666503,9.782314840456722,25.650881492049297,1.6743887086996203,1.6743887086996203,6.983459690411389
frame_00641,641,23.976284632230243,11.72615558147885,240.7281269859959,216.75184235376568,216.75184235376568,904.0259809995579,25.84908033281004,1.8727957005797968,1.8727957005797968,7.811033816566733,25.177604605797683,1.2013199735674398,1.2013199735674398,5.010450918456979
frame_00642,642,23.97721544018225,11.66649165530511,157.30996302740562,133.33274758722337,133.33274758722337,556.0810341795466,25.179223720392628,1.2020082802103786,1.2020082802103786,5.0131270797858845,25.333129436284686,1.3559139961024371,1.3559139961024371,5.655010272085752
frame_00643,643,23.970455928732722,11.54527946784012,83.25713815084353,59.28668222211081,59.28668222211081,247.33230939944494,25.54515805863863,1.5747021299059085,1.5747021299059085,6.569345758744441,26.35234189244077,2.381885963708047,2.381885963708047,9.93675702618967
frame_00644,644,23.992062776180934,11.249440848576777,25.09434865794195,1.1022858817610164,1.1022858817610164,4.5943772823708775,26.7009963302374,2.7089335540564647,2.7089335540564647,11.29095726085656,27.901126521569164,3.909063745388231,3.909063745388231,16.293154039548064
frame_00645,645,24.04594273574393,10.616778850159708,85.77624546439189,61.730302728647956,61.730302728647956,256.7181640871447,25.893303049982556,1.8473603142386246,1.8473603142386246,7.682627936614652,26.67056359677716,2.624620861033229,2.624620861033229,10.915025831496179
frame_00646,646,24.121309398426575,9.731784584105494,1768469.4622969606,1768445.3409875622,1768445.3409875622,7331464.937400609,24.90382381673686,0.782514418310285,0.782514418310285,3.2440793548352236,25.15342021048953,1.0321108120629532,1.0321108120629532,4.278834100649102
frame_00647,647,24.189510212976906,8.903507239340284,30.54667532019113,6.357165107214225,6.357165107214225,26.28066898106853,25.251953840230637,1.0624436272537316,1.0624436272537316,4.392166761126748,25.39122218597873,1.2017119730018244,1.2017119730018244,4.967905354103218
frame_00648,648,24.227195632944717,8.303265805337988,138.33116996055546,114.10397432761074,114.10397432761074,470.97475108695386,25.30676960540975,1.0795739724650346,1.0795739724650346,4.456041833405614,25.554778421908075,1.3275827889633582,1.3275827889633582,5.479721256545596
frame_00649,649,24.25992589465809,7.857032395636148,54.20201754039729,29.942091645739204,29.942091645739204,123.42202435305995,25.829208261029645,1.5692823663715565,1.5692823663715565,6.468619785508514,26.038160020951796,1.7782341262937074,1.7782341262937074,7.329923982518288
frame_00650,650,24.300570838765644,7.280453420270511,33.013548570738294,8.71297773197265,8.71297773197265,35.85503315861706,25.75958911956268,1.4590182807970358,1.4590182807970358,6.004049412985506,26.237017903300917,1.9364470645352725,1.9364470645352725,7.968730765147882
frame_00651,651,24.338468699905242,6.489526420289716,2321283.591532726,2321259.253064026,2321259.253064026,9537408.789703617,24.782432016420465,0.443963316515223,0.443963316515223,1.8241218130413912,24.62898961503959,0.29052091513434775,0.29052091513434775,1.1936696540628247
frame_00652,652,24.387924009498068,5.693830879019015,434654.0787818022,434629.6908577927,434629.6908577927,1782151.2429205647,25.18933319807672,0.8014091885786527,0.8014091885786527,3.286090231651278,24.777315379700088,0.38939137020201997,0.38939137020201997,1.5966564847847173
frame_00653,653,24.419645246784146,4.995456075194226,24.23792490307221,-0.18172034371193746,0.18172034371193746,0.7441563621235179,26.159209374839755,1.7395641280556084,1.7395641280556084,7.123625713951326,25.976722188556593,1.557076941772447,1.557076941772447,6.376329082739237
frame_00654,654,24.444861726656722,4.31806610130213,35.207158336187625,10.762296609530903,10.762296609530903,44.02682547308007,25.504064457543716,1.0592027308869945,1.0592027308869945,4.3330281133558275,25.08376332740045,0.6389016007437291,0.6389016007437291,2.613643750117913
frame_00655,655,24.47618901927379,3.6546058025019765,212.53845029409192,188.06226127481813,188.06226127481813,768.347805807221,25.03635118234282,0.5601621630690303,0.5601621630690303,2.2886004133565496,25.653998433969203,1.177809414695414,1.177809414695414,4.812062097444774
frame_00656,656,24.49538682637103,2.904568429073782,37.58149038346185,13.08610355709082,13.08610355709082,53.4227266948187,25.631012623767912,1.1356257973968837,1.1356257973968837,4.6360802768556475,25.69492776095349,1.199540934582462,1.199540934582462,4.897007518538432
frame_00657,657,24.525042152525433,2.165028639355804,12127.105682788531,12102.580640636006,12102.580640636006,49347.84847817177,26.060636862021234,1.5355947094958005,1.5355947094958005,6.261333619512961,26.436127600674862,1.9110854481494286,1.9110854481494286,7.792383948879929
frame_00658,658,24.535747987725124,1.3884616164234993,2003.2006148331973,1978.6648668454723,1978.6648668454723,8064.416327700175,26.223277550444614,1.6875295627194902,1.6875295627194902,6.877840298831471,25.696889645398056,1.1611416576729319,1.1611416576729319,4.73244858177478
frame_00659,659,24.543748095425702,0.7420426152096224,31.019754306499358,6.476006211073656,6.476006211073656,26.385563386223847,24.959474515077783,0.41572641965208135,0.41572641965208135,1.6938179858909228,25.128546881363402,0.5847987859377,0.5847987859377,2.382679221054631
frame_00660,660,24.556668042498853,0.03735871198652205,271.1258893626846,246.56922132018573,246.56922132018573,1004.0825607670477,25.04267409730166,0.48600605480280734,0.48600605480280734,1.979120514076681,25.322880908294906,0.766212865796053,0.766212865796053,3.120182528305596
frame_00661,661,24.555595691610893,0.7921905833458507,62.94575003221377,38.39015434060288,38.39015434060288,156.33973951492607,25.604281270599074,1.0486855789881808,1.0486855789881808,4.270658273407111,25.176654710352885,0.6210590187419918,0.6210590187419918,2.5291954898661597
frame_00662,662,24.56272818005433,1.5412410117326893,178.27326781276736,153.71053963271302,153.71053963271302,625.7877321523697,24.957993406934428,0.3952652268800989,0.3952652268800989,1.6092073485593759,25.810092664562692,1.2473644845083633,1.2473644845083633,5.078281514026853
frame_00663,663,24.551671032592804,2.1380397955057537,59.887293627102345,35.335622594509545,35.335622594509545,143.92349322211447,26.770492403206088,2.218821370613284,2.218821370613284,9.03735378202061,26.805481570327718,2.253810537734914,2.253810537734914,9.179866147371143
frame_00664,664,24.548403572247313,2.8732000077247672,425.5996052604499,401.0512016882026,401.0512016882026,1633.716019487323,24.806204604728723,0.2578010324814102,0.2578010324814102,1.0501743289443952,25.159152297410067,0.6107487251627539,0.6107487251627539,2.4879366324791206
frame_00665,665,24.529758123389602,3.5215242320766857,22.502802493850755,-2.026955629538847,2.026955629538847,8.263251595644986,25.365888105836444,0.8361299824468418,0.8361299824468418,3.4086352512770013,25.286411197738797,0.7566530743491953,0.7566530743491953,3.0846332464555033
frame_00666,666,24.51159766455622,4.130630652446473,35.172283666579226,10.660686002023006,10.660686002023006,43.49241590823907,25.263659924618878,0.7520622600626581,0.7520622600626581,3.068189476486636,26.060017636573857,1.548419972017637,1.548419972017637,6.3170911713219455
frame_00667,667,24.495489300354865,4.866939933421979,22.416723341938905,-2.0787659584159606,2.0787659584159606,8.486321432190561,25.30669679610292,0.8112074957480537,0.8112074957480537,3.3116607135351317,26.122487591192858,1.6269982908379923,1.6269982908379923,6.642032216169782
frame_00668,668,24.470061480315366,5.409806936314954,62.7426507766676,38.27258929635224,38.27258929635224,156.4057749799286,25.318177044986005,0.8481155646706391,0.8481155646706391,3.465931482652363,25.888644895213513,1.4185834148981478,1.4185834148981478,5.797220477109588
frame_00669,669,24.45162040998852,6.052310615302282,1828.7800926460316,1804.3284722360431,1804.3284722360431,7379.177502276995,25.278539282743775,0.8269188727552539,0.8269188727552539,3.381857148483527,26.557163518247282,2.105543108258761,2.105543108258761,8.611057561643822
frame_00670,670,24.4149890180433,6.675745261306827,59.37369246132137,34.95870344327807,34.95870344327807,143.185415391515,24.87276830081548,0.4577792827721794,0.4577792827721794,1.8749927859228968,25.20359365170375,0.788604633660448,0.788604633660448,3.2300020003189394
frame_00671,671,24.390732668913625,7.264748760932013,93.70200946037116,69.31127679145753,69.31127679145753,284.1705402306174,25.28850436733574,0.8977716984221153,0.8977716984221153,3.6807902026097787,25.460053538330918,1.069320869417293,1.069320869417293,4.384127709210472
frame_00672,672,24.355652066368336,7.7794573190403025,43.02933123835205,18.673679171983714,18.673679171983714,76.67082417296226,25.559972987891058,1.2043209215227222,1.2043209215227222,4.944728715293633,25.525832264151582,1.170180197783246,1.170180197783246,4.804552941528907
frame_00673,673,24.32797787633611,8.322415417197918,65.9624184893782,41.63444061304209,41.63444061304209,171.13810619476115,24.703468620750716,0.3754907444146056,0.3754907444146056,1.543452342497592,24.776966616892626,0.4489887405565156,0.4489887405565156,1.8455653932226244
frame_00674,674,24.303475954866336,8.758170551847256,44.82146274833619,20.517986793469852,20.517986793469852,84.42408333513089,26.492144751506125,2.1886687966397886,2.1886687966397886,9.005579287112413,25.31026399849613,1.0067880436297933,1.0067880436297933,4.142568106304983
frame_00675,675,24.264996453239426,9.193393636349507,25.536586703321724,1.2715902500822978,1.2715902500822978,5.240430397477095,24.461442109288225,0.19644565604879816,0.19644565604879816,0.8095845240586147,24.48451631016871,0.21951985692928488,0.21951985692928488,0.9046770616773716
frame_00676,676,24.232134444627693,9.696756371150721,48.60087507554966,24.368740630921966,24.368740630921966,100.56373980016672,25.821610589698366,1.5894761450706731,1.5894761450706731,6.55937325167434,25.05139850430319,0.819264059675497,0.819264059675497,3.380899282923586
frame_00677,677,24.19983291038594,10.136698252609452,101.66398615220231,77.46415324181638,77.46415324181638,320.10201693818624,25.124430980061522,0.9245980696755822,0.9245980696755822,3.820679560472373,25.173266585787804,0.9734336754018642,0.9734336754018642,4.0224809774785335
frame_00678,678,24.17522820201794,10.464192538017155,27.030191759006787,2.854963556988846,2.854963556988846,11.809458562838046,25.129613468435345,0.954385266417404,0.954385266417404,3.9477818304016674,25.743632829059187,1.5684046270412466,1.5684046270412466,6.487651797679121
frame_00679,679,24.15291338870675,10.785835480607123,79077.20770306533,79053.05478967662,79053.05478967662,327302.3569348768,24.26790586090839,0.11499247220163866,0.11499247220163866,0.4761018695798662,24.826371940225474,0.6734585515187241,0.6734585515187241,2.78831187227962
frame_00680,680,24.123995901607685,11.007396160609623,34.77227562934664,10.648279727738952,10.648279727738952,44.1397841848801,23.562734634455317,-0.5612612671523678,0.5612612671523678,2.3265684069982946,23.898455712612762,-0.22554018899492334,0.22554018899492334,0.9349205244222942
frame_00681,681,24.102170556092386,11.285971258395431,38.500023257305806,14.39785270121342,14.39785270121342,59.73674722658547,23.973033404727865,-0.12913715136452097,0.12913715136452097,0.5357905465982131,24.739363151589288,0.6371925954969022,0.6371925954969022,2.643714573399021
frame_00682,682,24.08044039462667,11.53373631627554,27.359516739337053,3.279076344710383,3.279076344710383,13.61717763867009,24.06310265839091,-0.01733773623575985,0.01733773623575985,0.07199924898229272,24.435199202517804,0.3547588078911339,0.3547588078911339,1.4732239198179078
frame_00683,683,24.057528248958324,11.79814918531537,25.71833859945879,1.6608103505004657,1.6608103505004657,6.903495377054697,23.8291091467581,-0.228419102200224,0.228419102200224,0.9494703688443736,24.010700863826905,-0.04682738513141871,0.04682738513141871,0.19464753255956918
frame_00684,684,24.04106628047039,11.982369418570462,43.004500813755946,18.963434533285557,18.963434533285557,78.87934050866282,24.037489731323166,-0.0035765491472226074,0.0035765491472226074,0.01487683243953283,24.313048736233394,0.2719824557630055,0.2719824557630055,1.1313244287502704
frame_00685,685,24.03659890840558,12.039211604882688,44.09864484887464,20.062045940469062,20.062045940469062,83.46457839945641,24.69608514929806,0.6594862408924804,0.6594862408924804,2.743675356923556,25.147198365404908,1.1105994569993278,1.1105994569993278,4.620451758717628
frame_00686,686,24.030574158022723,11.965642206463407,57.83912521902959,33.80855106100687,33.80855106100687,140.68973482982602,24.42297561625493,0.3924014582322073,0.3924014582322073,1.6329258537553593,24.201423382550665,0.1708492245279416,0.1708492245279416,0.7109660526812788
frame_00687,687,24.032522826050602,11.958991790814618,64.38075925089696,40.348236424846355,40.348236424846355,167.8901408599099,24.208549856181126,0.17602703013052334,0.17602703013052334,0.7324533982745866,23.984706751509687,-0.047816074540914855,0.047816074540914855,0.1989640242392011
frame_00688,688,24.031639869700292,11.97310795475741,52.13019360104127,28.098553731340978,28.098553731340978,116.92316414398483,24.724441197028085,0.6928013273277926,0.6928013273277926,2.882871627088979,24.75530563757603,0.7236657678757368,0.7236657678757368,3.0113041465312285
frame_00689,689,24.035843851236812,11.91800537139433,104.67463385989414,80.63879000865734,80.63879000865734,335.49390030884194,24.84621470435003,0.8103708531132163,0.8103708531132163,3.3715098921792883,24.311278961361335,0.2754351101245227,0.2754351101245227,1.145934845596651
frame_00690,690,24.041735011750433,11.849539968824892,30.827969127644845,6.786234115894413,6.786234115894413,28.226890083338958,24.31747154507603,0.275736533325599,0.275736533325599,1.1469077967577315,24.17845984481783,0.13672483306739736,0.13672483306739736,0.5686978622822891
frame_00691,691,24.046366203889967,11.788449949681041,43.404200042795914,19.357833838905947,19.357833838905947,80.50211693014323,24.407718009757147,0.3613518058671801,0.3613518058671801,1.5027293637769037,24.378671134153702,0.3323049302637351,0.3323049302637351,1.3819340828718574
frame_00692,692,24.046303279252626,11.61758559816249,48.82169778662402,24.775394507371395,24.775394507371395,103.03203041087747,25.246702234620617,1.2003989553679908,1.2003989553679908,4.992031171808875,24.882372048624458,0.8360687693718312,0.8360687693718312,3.476911854859616
frame_00693,693,24.0605807062328,11.442205550989808,36.55960825990013,12.499027553667332,12.499027553667332,51.948154145878576,24.807741791709464,0.7471610854766659,0.7471610854766659,3.1053327207647854,24.90173651339167,0.8411558071588701,0.8411558071588701,3.4959912955923462
frame_00694,694,24.08364132133487,11.168314316605775,30.675383557776332,6.591742236441462,6.591742236441462,27.370205977125494,24.722278083404746,0.6386367620698756,0.6386367620698756,2.6517450311972937,25.05334572854965,0.9697044072147811,0.9697044072147811,4.026402794646145
frame_00695,695,24.109616945575073,10.862046673434614,45.754737702979284,21.64512075740421,21.64512075740421,89.77795377780491,24.51442381508319,0.40480686950811773,0.40480686950811773,1.6790265495379983,24.37053712771642,0.2609201821413478,0.2609201821413478,1.0822245029041635
frame_00696,696,24.13478951519133,10.556406554097444,63.32494474736881,39.19015523217748,39.19015523217748,162.38034811743333,25.075925288123845,0.9411357729325154,0.9411357729325154,3.899498573791703,25.038130919215654,0.9033414040243244,0.9033414040243244,3.7429015217047072
frame_00697,697,24.162939902545357,10.213973878804284,30.02717135980831,5.864231457262953,5.864231457262953,24.269527966856412,26.033202868845247,1.8702629662998902,1.8702629662998902,7.740212796303293,25.392197864594422,1.229257962049065,1.229257962049065,5.08736919847892
frame_00698,698,24.193673450801754,9.845631035487695,1223.3034757529808,1199.109802302179,1199.109802302179,4956.294895608099,25.891109120518795,1.6974356697170414,1.6974356697170414,7.016031166861889,26.66251204243442,2.468838591632668,2.468838591632668,10.204480095398052
frame_00699,699,24.215132968963662,9.42229753901631,4289.9619537501585,4265.746820781194,4265.746820781194,17616.03715432233,25.72701408572207,1.5118811167584099,1.5118811167584099,6.243538363783406,25.65359823599865,1.4384652670349887,1.4384652670349887,5.940356672328241
frame_00700,700,24.247293219184492,8.98006049291709,26.364619172351254,2.1173259531667625,2.1173259531667625,8.7322157323999,25.838552739521003,1.5912595203365107,1.5912595203365107,6.56262744856611,26.075599356073226,1.8283061368887346,1.8283061368887346,7.540248391280954
frame_00701,701,24.269728020929975,8.532327343353307,30.883850168800922,6.6141221478709475,6.6141221478709475,27.252559823360993,24.41271101872894,0.1429829977989634,0.1429829977989634,0.5891413273179504,25.514773073672323,1.2450450527423484,1.2450450527423484,5.130032984583238
frame_00702,702,24.302534767048463,8.111315839658934,45.40059390556173,21.098059138513264,21.098059138513264,86.81423292157939,25.26605668511483,0.9635219180663661,0.9635219180663661,3.964697210814383,26.294847955590786,1.9923131885423224,1.9923131885423224,8.19796456476498
frame_00703,703,24.33218664062873,7.654948713353148,160.16538761725695,135.83320097662823,135.83320097662823,558.2449410848279,24.491601784103388,0.15941514347465713,0.15941514347465713,0.6551616006778169,24.842805331891405,0.5106186912626747,0.5106186912626747,2.098531869758338
frame_00704,704,24.352077895427925,7.133800320208687,889.0409100073801,864.6888321119523,864.6888321119523,3550.780495303428,25.365557261046565,1.0134793656186396,1.0134793656186396,4.161777775065836,25.955587480080926,1.6035095846530005,1.6035095846530005,6.584693066188235
frame_00705,705,24.384170125348714,6.669535330670342,81.34897945756086,56.96480933221214,56.96480933221214,233.61389392946379,25.37686884089414,0.9926987155454263,0.9926987155454263,4.0710785335009625,25.785905511173233,1.4017353858245194,1.4017353858245194,5.748546612900051
frame_00706,706,24.416074228502364,6.127566703782,38.461123926854384,14.04504969835202,14.04504969835202,57.52378358170447,26.76928943250737,2.353215204005007,2.353215204005007,9.637975302589622,26.396020211613816,1.9799459831114525,1.9799459831114525,8.109190546284223
frame_00707,707,24.43386994037286,5.547731088971688,29.62822550974381,5.194355569370952,5.194355569370952,21.25883284983912,25.475201039711767,1.0413310993389082,1.0413310993389082,4.261834502189454,26.358171226364757,1.9243012859918984,1.9243012859918984,7.875548534423172
frame_00708,708,24.464567037644937,4.990012838992213,39.67050586309909,15.205938825454151,15.205938825454151,62.1549476107873,25.836855769096847,1.3722887314519099,1.3722887314519099,5.6092908954419505,25.791420389933972,1.3268533522890351,1.3268533522890351,5.423571773198908
frame_00709,709,24.482204244066565,4.366497251044321,27.969742041165215,3.48753779709865,3.48753779709865,14.245195254197258,26.464866441765615,1.9826621976990495,1.9826621976990495,8.098381085026531,26.51538722861999,2.0331829845534237,2.0331829845534237,8.304738267373045
frame_00710,710,24.508430349819967,3.8256967644679674,277.3513648431021,252.84293449328212,252.84293449328212,1031.6569885722586,25.547727577968555,1.0392972281485875,1.0392972281485875,4.240570339733005,25.989370001905083,1.480939652085116,1.480939652085116,6.042572416703114
frame_00711,711,24.521980462146214,3.257876573929548,32.65386957719698,8.131889115050765,8.131889115050765,33.161632795539084,25.995413442472408,1.4734329803261943,1.4734329803261943,6.008621459431815,25.90549810076789,1.3835176386216759,1.3835176386216759,5.641949029187782
frame_00712,712,24.532865400993526,2.676686839496118,27.47506406674479,2.9421986657512633,2.9421986657512633,11.992886349232206,25.67633708724468,1.1434716862511536,1.1434716862511536,4.660978925865079,25.875596143625295,1.342730742631769,1.342730742631769,5.473191658147652
frame_00713,713,24.553799049593916,2.1008600733909466,62.60893922662056,38.055140177026644,38.055140177026644,154.986770479642,25.350263509302852,0.7964644597089361,0.7964644597089361,3.2437524559854554,24.97563170629216,0.42183265669824266,0.42183265669824266,1.7179934390039702
frame_00714,714,24.5583967145527,1.5532938784846562,28.268723544476117,3.7103268299234173,3.7103268299234173,15.108180200235829,25.165106837272322,0.6067101227196225,0.6067101227196225,2.470479363011923,25.61772837460888,1.0593316600561806,1.0593316600561806,4.313521246394911
frame_00715,715,24.569616014821786,1.1384233635223409,144.7809972678808,120.211381253059,120.211381253059,489.2684573521242,24.58375928929841,0.014143274476623446,0.014143274476623446,0.0575640843067772,24.72440469277715,0.15478867795536289,0.15478867795536289,0.6300003950488504
frame_00716,716,24.569542980900373,0.8180883831345585,31.573580832093146,7.0040378511927734,7.0040378511927734,28.506992810723027,25.606995074969404,1.0374520940690317,1.0374520940690317,4.222512786971723,25.585500718573762,1.0159577376733893,1.0159577376733893,4.135029041700793
frame_00717,717,24.563708563990158,0.891253732888705,38.801790492999366,14.238081929009208,14.238081929009208,57.96389373338322,25.10111061325682,0.5374020492666638,0.5374020492666638,2.1877887366506337,25.45163046338245,0.8879218993922926,0.8879218993922926,3.614771348875088
frame_00718,718,24.568619316047023,1.2859804586191168,34.89286749046667,10.324248174419647,10.324248174419647,42.02209347464777,24.86396456317798,0.2953452471309568,0.2953452471309568,1.202123909901814,25.15411648565718,0.5854971696101572,0.5854971696101572,2.3831097795053506
frame_00719,719,24.557463967901107,1.7216453212458316,28.287114905466993,3.7296509375658857,3.7296509375658857,15.187443387643311,24.69048927598581,0.13302530808470436,0.13302530808470436,0.5416899247356357,25.34401647595207,0.7865525080509634,0.7865525080509634,3.2029060862272294
frame_00720,720,24.557329121968976,2.1963101967238656,95.50737763156141,70.95004850959243,70.95004850959243,288.91598169004686,25.69492028526026,1.1375911632912832,1.1375911632912832,4.632389612246532,25.96438560237374,1.407056480404762,1.407056480404762,5.729680428259643
frame_00721,721,24.543325142681315,2.7531897511802326,33.12618676071075,8.582861618029437,8.582861618029437,34.970247788893424,24.51764511932351,-0.02568002335780406,0.02568002335780406,0.10463139451771351,25.238028291326135,0.6947031486448196,0.6947031486448196,2.830517644231985
frame_00722,722,24.525808183548477,3.249724852749848,243.5770103036742,219.0512021201257,219.0512021201257,893.14570382664,25.926416924115372,1.400608740566895,1.400608740566895,5.710754687816571,26.39273702615528,1.8669288426068036,1.8669288426068036,7.612099175835151
frame_00723,723,24.517840981744953,3.7345066430032485,327392.231133716,327367.7132927343,327367.7132927343,1335222.4347016516,24.476247471871527,-0.041593509873425916,0.041593509873425916,0.1696458913506897,24.739118301551535,0.22127731980658183,0.22127731980658183,0.9025155190921438
frame_00724,724,24.49585720827158,4.2242715179352945,33.265310987263256,8.769453778991675,8.769453778991675,35.7997423990146,26.18054755240737,1.684690344135788,1.684690344135788,6.877450051296488,26.329517968843952,1.8336607605723714,1.8336607605723714,7.48559540081412
frame_00725,725,24.478477861787116,4.760895004776467,8275.94111953584,8251.462641674054,8251.462641674054,33709.05122558807,26.866867013741906,2.38838915195479,2.38838915195479,9.75709831894106,26.690651369835827,2.2121735080487106,2.2121735080487106,9.037218410962113
frame_00726,726,24.44769177267081,5.243152803163982,28.475248023204472,4.02755625053366,4.02755625053366,16.474177963237903,25.784097811723694,1.336406039052882,1.336406039052882,5.466389430460678,26.360134174020093,1.9124424013492813,1.9124424013492813,7.822588811787669
frame_00727,727,24.427277385065672,5.704201509323006,3876.4426644557907,3852.015387070725,3852.015387070725,15769.319381560577,25.924057454791946,1.4967800697262739,1.4967800697262739,6.127494465025291,25.859012584092614,1.4317351990269422,1.4317351990269422,5.861214806944778
frame_00728,728,24.396822141996275,6.071617370187574,90.35360423721285,65.95678209521657,65.95678209521657,270.34989111012,25.356393394605938,0.9595712526096634,0.9595712526096634,3.9331813259312725,25.470573714118007,1.0737515721217328,1.0737515721217328,4.401194409141489
frame_00729,729,24.37913430358867,6.454807913280718,24.487179889350404,0.10804558576173307,0.10804558576173307,0.4431887712511124,25.527571810268906,1.148437506680235,1.148437506680235,4.710739488855362,25.607472204223484,1.2283379006348127,1.2283379006348127,5.038480387935671
frame_00730,730,24.34685550597187,6.809837819666636,84.31758315471295,59.970727648741075,59.970727648741075,246.3181647175393,25.30966611030793,0.9628106043360596,0.9628106043360596,3.9545583375228825,25.272914214179632,0.926058708207762,0.926058708207762,3.8036070324589373
frame_00731,731,24.327554206623674,7.147017044553568,1902.116854084024,1877.7892998774003,1877.7892998774003,7718.775524775663,25.703914440453552,1.3763602338298782,1.3763602338298782,5.657618608676806,25.498427662049412,1.1708734554257383,1.1708734554257383,4.812951789074399
frame_00732,732,24.296247428201116,7.471043424800066,23.00081908298913,-1.2954283452119881,1.2954283452119881,5.3318042180800305,24.85835863637586,0.5621112081747448,0.5621112081747448,2.3135721260489452,25.059401002160296,0.7631535739591797,0.7631535739591797,3.1410347470917377
frame_00733,733,24.275984102751046,7.797214800796093,24.47243049500963,0.19644639225858285,0.19644639225858285,0.8092211274611966,24.802015900265594,0.5260317975145483,0.5260317975145483,2.1668814548899644,24.940613790897878,0.6646296881468317,0.6646296881468317,2.737807395711358
frame_00734,734,24.249413614894817,8.148117040190405,2395212.069074458,2395187.819660843,2395187.819660843,9877302.015210945,24.63456221636243,0.38514860146761265,0.38514860146761265,1.5882800614652441,25.1039905160348,0.854576901139982,0.854576901139982,3.52411367429962
frame_00735,735,24.21634691682518,8.382072197141838,169.9531906557542,145.73684373892902,145.73684373892902,601.8118432127064,24.680324903948158,0.463977987122977,0.463977987122977,1.9159701862406486,24.831408975945507,0.6150620591203264,0.6150620591203264,2.5398630983973467
frame_00736,736,24.19141547441543,8.693269906217264,25.78887953468767,1.597464060272241,1.597464060272241,6.603433610413171,24.45559980059678,0.26418432618135057,0.26418432618135057,1.092058157823584,24.436801311249678,0.24538583683424875,0.24538583683424875,1.0143508844853086
frame_00737,737,24.169853453580313,8.934877442509189,156738.8189622493,156714.6491087957,156714.6491087957,648388.9089761169,25.635618947326577,1.4657654937462645,1.4657654937462645,6.064436826484517,25.773618908591867,1.6037654550115548,1.6037654550115548,6.635395858281411
frame_00738,738,24.156523445794654,9.055200878412704,1618576955.899073,1618576931.7425494,1618576931.7425494,6700371994.233811,25.425815225456077,1.2692917796614225,1.2692917796614225,5.254447240761336,25.692485372082807,1.5359619262881523,1.5359619262881523,6.358373255715916
frame_00739,739,24.145531625698077,9.220431414224084,36460.07766619512,36435.93213456942,36435.93213456942,150901.34563776047,26.18832537456389,2.042793748865815,2.042793748865815,8.46033866859105,25.963799165660543,1.8182675399624664,1.8182675399624664,7.5304514646812954
frame_00740,740,24.122807606011047,9.333744102900349,551052.2924154826,551028.1696078766,551028.1696078766,2284262.174650717,26.064826707093726,1.9420191010826784,1.9420191010826784,8.05055171355243,26.341799478116577,2.21899187210553,2.21899187210553,9.198729718146863
frame_00741,741,24.112268869041245,9.484486743414658,54.68043334170518,30.568164472663938,30.568164472663938,126.77431824722098,25.926810825409223,1.8145419563679788,1.8145419563679788,7.525388698272792,25.73775684433088,1.6254879752896372,1.6254879752896372,6.741331494427177
frame_00742,742,24.1033273681094,9.582878884084955,10769.68903721816,10745.585709850051,10745.585709850051,44581.33744666019,25.82307392492086,1.719746556811458,1.719746556811458,7.134892749649238,25.41675564463202,1.3134282765226182,1.3134282765226182,5.449157522792421
frame_00743,743,24.094051696101115,9.709290074792001,29.167906479331997,5.073854783230882,5.073854783230882,21.058536966831237,25.157202524988723,1.0631508288876077,1.0631508288876077,4.412503311178859,25.31498547318079,1.2209337770796758,1.2209337770796758,5.067365972644803
frame_00744,744,24.081099886526644,9.706329750528324,28.29640381936058,4.215303932833937,4.215303932833937,17.50461545650743,24.2039934772358,0.12289359070915751,0.12289359070915751,0.5103321330348219,24.60318911041544,0.5220892238887949,0.5220892238887949,2.168045589067563
frame_00745,745,24.07928840673352,9.743164829569558,106481.66416000099,106457.58487159426,106457.58487159426,442112.66991521436,27.057185477791492,2.9778970710579706,2.9778970710579706,12.367047650067734,27.912294341662463,3.8330059349289414,3.8330059349289414,15.918269137293446
frame_00746,746,24.081042231587933,9.741462151359007,50.74528228596232,26.664240054374385,26.664240054374385,110.72710141838455,26.415420262542103,2.33437803095417,2.33437803095417,9.693841356634,26.833612591672516,2.752570360084583,2.752570360084583,11.430445300552405
frame_00747,747,24.086267967270416,9.720347893732004,30.18933185110793,6.103063883837514,6.103063883837514,25.338354169814316,24.83715049996258,0.7508825326921631,0.7508825326921631,3.117471472593839,24.975057219766864,0.8887892524964478,0.8887892524964478,3.6900247630898133
frame_00748,748,24.09567908929838,9.651115127302196,31.814441055802934,7.718761966504555,7.718761966504555,32.03380132138584,24.992038999159693,0.8963599098613138,0.8963599098613138,3.7200026881973804,25.21415518597536,1.1184760966769822,1.1184760966769822,4.641811888894766
frame_00749,749,24.102604930527267,9.6278825275741,137.89806438681046,113.7954594562832,113.7954594562832,472.1292979919985,24.78853357981196,0.6859286492846941,0.6859286492846941,2.845869362509975,24.94001852988215,0.8374135993548819,0.8374135993548819,3.4743696864659297
frame_00750,750,24.1106694316615,9.596142083604645,131.2375544821045,107.12688505044301,107.12688505044301,444.31319235693553,25.487996546876527,1.377327115215028,1.377327115215028,5.71252125171754,25.37447658442507,1.2638071527635724,1.2638071527635724,5.241692506073572
frame_00751,751,24.11607348396629,9.453055624595226,533362.9939419997,533338.8778685158,533338.8778685158,2211549.397637676,27.199383500298968,3.0833100163326783,3.0833100163326783,12.785290351609829,29.514878238177275,5.398804754210985,5.398804754210985,22.386748646293565
frame_00752,752,24.136225548122308,9.317841645230873,1142232.0041147675,1142207.8678892194,1142207.8678892194,4732338.3915679315,25.655200356466036,1.518974808343728,1.518974808343728,6.293340295959811,26.520564386168207,2.384338838045899,2.384338838045899,9.878673172373425
frame_00753,753,24.15891405037285,9.133644666152062,38.524842180047614,14.365928129674764,14.365928129674764,59.46429586909786,26.96048200968588,2.8015679593130294,2.8015679593130294,11.596415109849659,27.881559610552603,3.7226455601797532,3.7226455601797532,15.408993766929274
frame_00754,754,24.174805746029065,8.919763586670319,57.86846742259479,33.693661676565725,33.693661676565725,139.37510824507956,25.555642035087704,1.3808362890586388,1.3808362890586388,5.711881632328954,25.42234986058045,1.2475441145513848,1.2475441145513848,5.160513501773662
frame_00755,755,24.200256270770492,8.728317853788235,11485.901405000694,11461.701148729922,11461.701148729922,47361.89989266177,26.13042660297304,1.9301703322025467,1.9301703322025467,7.975826002032225,26.35566155460201,2.1554052838315165,2.1554052838315165,8.906539086674275
frame_00756,756,24.22524537270979,8.525554577223568,193899.65959095565,193875.43434558294,193875.43434558294,800303.2842919618,27.089097877671374,2.863852504961585,2.863852504961585,11.821768823806304,28.354334377017526,4.129089004307737,4.129089004307737,17.044570409013218
frame_00757,757,24.235872269622952,8.310594459026552,56560.859564105755,56536.62369183613,56536.62369183613,233276.62013922512,26.263065667824787,2.0271933982018346,2.0271933982018346,8.364433413616817,26.55208475648861,2.316212486865659,2.316212486865659,9.556959457030896
frame_00758,758,24.261872349425197,8.103790842386093,26.590749779805243,2.3288774303800466,2.3288774303800466,9.598918817307277,26.123718169640107,1.86184582021491,1.86184582021491,7.673957695433264,26.462493475222942,2.2006211257977455,2.2006211257977455,9.070285648625473
frame_00759,759,24.28836340760244,7.827086061181617,32.036654271229054,7.748290863626615,7.748290863626615,31.901247249954032,26.117050052819046,1.8286866452166066,1.8286866452166066,7.5290649045716025,26.678417307164658,2.3900538995622185,2.3900538995622185,9.840325012652412
frame_00760,760,24.30748234139803,7.467992066956726,58.62702467699503,34.319542335597,34.319542335597,141.18921019289377,26.171580570499824,1.8640982291017956,1.8640982291017956,7.668824779631963,26.035425036873978,1.7279426954759494,1.7279426954759494,7.1086864168285055
frame_00761,761,24.339702920632,7.118966816043004,52996.983887383794,52972.64418446316,52972.64418446316,217638.82803828275,25.201903696109447,0.8622007754774472,0.8622007754774472,3.5423635953526236,24.991423698611232,0.6517207779792322,0.6517207779792322,2.677603667162219
frame_00762,762,24.361983918441553,6.7413462543925835,41.59946004830986,17.237476129868305,17.237476129868305,70.75563380870581,25.797307409821975,1.435323491380423,1.435323491380423,5.891652733149991,25.74550154133468,1.3835176228931267,1.3835176228931267,5.679002282920934
frame_00763,763,24.393044408021346,6.369274845078031,148860.37017313213,148835.9771287241,148835.9771287241,610157.4475049176,24.619549919961536,0.2265055119401893,0.2265055119401893,0.9285659803321057,24.848798595024046,0.4557541870027002,0.4557541870027002,1.8683776382288353
frame_00764,764,24.414207789736594,5.966528635797761,25.291936538473507,0.8777287487369136,0.8777287487369136,3.59515555981259,26.078881586304533,1.6646737965679392,1.6646737965679392,6.818463293606216,26.833730988506673,2.4195231987700794,2.4195231987700794,9.910308045249023
frame_00765,765,24.431718047231765,5.563675406075685,66.3222828465032,41.89056479927143,41.89056479927143,171.45975865589133,24.772858272738997,0.3411402255072318,0.3411402255072318,1.396300599277277,25.345363553661915,0.9136455064301501,0.9136455064301501,3.739587632207759
frame_00766,766,24.460016331890472,5.134354678848209,34227.57702091969,34203.1170045878,34203.1170045878,139832.76437961523,25.081447714364273,0.6214313824738014,0.6214313824738014,2.540600848510439,25.99964905631196,1.5396327244214874,1.5396327244214874,6.294487720411476
frame_00767,767,24.477614240787908,4.6682813735698065,28.593721784202767,4.116107543414859,4.116107543414859,16.815803627446847,27.680565127834598,3.20295088704669,3.20295088704669,13.085224955091824,27.498132067262294,3.0205178264743857,3.0205178264743857,12.339919228897688
frame_00768,768,24.48770564342635,4.277663957315702,59.35156196934927,34.863856325922924,34.863856325922924,142.37289860302621,24.656366074427513,0.16866043100116457,0.16866043100116457,0.6887555472002375,25.107729996797282,0.6200243533709333,0.6200243533709333,2.53198222160669
frame_00769,769,24.508026751351863,3.7999934894546907,1521.950214333296,1497.442187581944,1497.442187581944,6110.007153061986,25.177931847570594,0.6699050962187307,0.6699050962187307,2.7334109882256383,25.63153503545853,1.1235082841066664,1.1235082841066664,4.58424619617609
frame_00770,770,24.516387837178037,3.369104080400376,28.83679388592851,4.320406048750474,4.320406048750474,17.622522850608384,27.2708172522,2.7544294150219635,2.7544294150219635,11.235054010872641,27.161871463357205,2.6454836261791677,2.6454836261791677,10.790674563270723
frame_00771,771,24.53606998399668,2.8135795628023907,45.467568612946664,20.931498628949985,20.931498628949985,85.30909246102686,25.77633548034545,1.2402654963487691,1.2402654963487691,5.054866150763817,25.82185584935652,1.2857858653598413,1.2857858653598413,5.240390438234313
frame_00772,772,24.54333224659546,2.266561999727771,32.40090375586092,7.857571509265455,7.857571509265455,32.01509652527081,24.717862995924285,0.17453074932882373,0.17453074932882373,0.7111126866362404,24.746806402541235,0.20347415594577356,0.20347415594577356,0.8290404656604792
frame_00773,773,24.545392133186876,1.818630008541318,23.00759309656626,-1.5377990366206156,1.5377990366206156,6.26512311669862,25.22267752440118,0.6772853912143049,0.6772853912143049,2.759317869273612,25.20643148641817,0.6610393532312955,0.6610393532312955,2.6931301388236113
frame_00774,774,24.5588168818307,1.2124390260396205,52.91387333449115,28.35505645266045,28.35505645266045,115.45774614915717,25.610956486454487,1.052139604623786,1.052139604623786,4.2841624239732345,25.84934151272334,1.2905246308926372,1.2905246308926372,5.254832254754924
frame_00775,775,24.558115604184746,0.7065918108787287,24.380875220689028,-0.17724038349571813,0.17724038349571813,0.7217181739527119,25.455864588737068,0.8977489845523223,0.8977489845523223,3.6556102227947176,25.166624753703914,0.6085091495191683,0.6085091495191683,2.477833231697457
frame_00776,776,24.55593014137549,0.393642655485929,38.66863725135147,14.112707109975979,14.112707109975979,57.4716861822179,26.306325230324532,1.7503950889490412,1.7503950889490412,7.128197054118975,25.684584886477015,1.1286547451015245,1.1286547451015245,4.596261426887669
frame_00777,777,24.561920363297492,0.5463524691369407,29.307543491645554,4.745623128348061,4.745623128348061,19.321059013933514,24.733696378686346,0.17177601538885412,0.17177601538885412,0.6993590600738875,24.96019619229798,0.39827582900048597,0.39827582900048597,1.6215174673215842
frame_00778,778,24.552751210099984,0.9960948971706511,43.9017404051193,19.348989195019314,19.348989195019314,78.80578852222452,25.689449739675986,1.1366985295760017,1.1366985295760017,4.629617755864406,25.767149117420455,1.2143979073204711,1.2143979073204711,4.94607670207206
frame_00779,779,24.540046867062433,1.4734588791403112,277.7091877418247,253.16914087476223,253.16914087476223,1031.6571204864526,25.37754334641105,0.8374964793486157,0.8374964793486157,3.412774571643955,25.655096723726597,1.1150498566641645,1.1150498566641645,4.543796769030545
frame_00780,780,24.535696460621338,2.1383970094571367,1068.994907949243,1044.4592114886218,1044.4592114886218,4256.89653099895,24.566562175936504,0.030865715315165687,0.030865715315165687,0.1257992222258852,24.87833110025865,0.34263463963731056,0.34263463963731056,1.396474072734081
frame_00781,781,24.5210498529551,2.613117237667318,27.43336481309139,2.912314960136289,2.912314960136289,11.876795559735456,24.378202249957802,-0.14284760299729982,0.14284760299729982,0.5825509260570458,25.027243102603144,0.5061932496480424,0.5061932496480424,2.064321277773674
frame_00782,782,24.516183972571064,3.1182549002723907,22.923652612681536,-1.5925313598895272,1.5925313598895272,6.495837042466586,25.080635080979512,0.5644511084084485,0.5644511084084485,2.3023612036847236,26.61352604518705,2.0973420726159873,2.0973420726159873,8.554928756296302
frame_00783,783,24.497630678311612,3.6682234233583535,43.4638774767362,18.96624679842459,18.96624679842459,77.42073936650493,25.46279292767135,0.9651622493597394,0.9651622493597394,3.9398187605719053,25.619982314563426,1.122351636251814,1.122351636251814,4.581470147010833
frame_00784,784,24.476337292501896,4.182450322199616,24.8312083250035,0.354871032501606,0.354871032501606,1.4498534983431428,26.410396251505176,1.9340589590032806,1.9340589590032806,7.901749906003142,25.924326932354006,1.4479896398521106,1.4479896398521106,5.915875494556488
frame_00785,785,24.468076029637746,4.687165355154816,50.82526398603331,26.357187956395567,26.357187956395567,107.7207211734571,24.757969225620307,0.289893195982561,0.289893195982561,1.1847813274383263,25.00017837445333,0.5321023448155842,0.5321023448155842,2.1746799551017335
frame_00786,786,24.447751249900374,5.168389660309171,53.603531989108106,29.15578073920773,29.15578073920773,119.25751551209251,25.571872180421458,1.1241209305210837,1.1241209305210837,4.598054516468727,25.718792072796706,1.2710408228963317,1.2710408228963317,5.1990091436385635
frame_00787,787,24.43290973803358,5.664794805344324,57.02183599081865,32.58892625278507,32.58892625278507,133.38127387281835,25.01718351496939,0.5842737769358095,0.5842737769358095,2.3913393173400777,25.6003422935832,1.1674325555496203,1.1674325555496203,4.77811512450493
frame_00788,788,24.40728456752497,6.1153360282946725,29.558640682232056,5.1513561147070845,5.1513561147070845,21.10581412879171,24.79412092643719,0.3868363589122197,0.3868363589122197,1.5849217385981702,25.800492632070583,1.393208064545611,1.393208064545611,5.708164956618481
frame_00789,789,24.393226673993457,6.547441318009964,1076.2519986477016,1051.8587719737081,1051.8587719737081,4312.093623493995,25.18395282989697,0.7907261559035135,0.7907261559035135,3.241580814507564,25.041132985937164,0.6479063119437072,0.6479063119437072,2.6560910559424458
frame_00790,790,24.368395593326543,6.951231164781623,466.0117803784687,441.64338478514213,441.64338478514213,1812.3613558952945,25.332149943964,0.9637543506374584,0.9637543506374584,3.9549355924827045,25.432557273741114,1.0641616804145713,1.0641616804145713,4.366974741275127
frame_00791,791,24.354874572566214,7.3532545709695265,82.10888455009751,57.7540099775313,57.7540099775313,237.13532092087428,25.250072613758835,0.8951980411926215,0.8951980411926215,3.6756421739120317,25.789072137305425,1.4341975647392111,1.4341975647392111,5.888749541558789
frame_00792,792,24.333715270531595,7.668704495293009,28.16219905989572,3.8284837893641246,3.8284837893641246,15.733248074947527,24.77004380400639,0.4363285334747964,0.4363285334747964,1.7931028148553838,24.75097261787479,0.4172573473431953,0.4172573473431953,1.714729307482687
frame_00793,793,24.3263212166637,7.969226855384283,26.399373037075936,2.0730518204122355,2.0730518204122355,8.521846776372337,24.774822685332897,0.44850146866919616,0.44850146866919616,1.8436880146183776,24.86448308681734,0.5381618701536404,0.5381618701536404,2.2122616295348254
frame_00794,794,24.30388830833231,8.293677213523031,132.6437028404048,108.3398145320725,108.3398145320725,445.77152905582363,25.31247732668403,1.0085890183517172,1.0085890183517172,4.14990805403732,25.10319104535808,0.7993027370257693,0.7993027370257693,3.288785427604757
frame_00795,795,24.290722028399966,8.616389075308444,235.41130915121417,211.12058712281421,211.12058712281421,869.1408467643676,25.31850733228471,1.0277853038847446,1.0277853038847446,4.231184658418509,25.561525748218255,1.2708037198182893,1.2708037198182893,5.2316424284650935
frame_00796,796,24.277047169407,8.921379922330088,518.7143623697647,494.43731520035766,494.43731520035766,2036.6451972109217,24.777687252515392,0.5006400831083937,0.5006400831083937,2.0621951245342602,24.96243463306125,0.6853874636542514,0.6853874636542514,2.8231912179087018
frame_00797,797,24.264638702153146,9.222226302018958,29.73107358132463,5.466434879171484,5.466434879171484,22.52840005685481,26.488902282578117,2.224263580424971,2.224263580424971,9.166687407662076,25.99050552880584,1.7258668266526946,1.7258668266526946,7.112682978047178
frame_00798,798,24.246926373653245,9.378541067064964,41.04108547408557,16.794159100432324,16.794159100432324,69.26304324774496,25.735331054264112,1.4884046806108664,1.4884046806108664,6.138529303360156,25.46844297966929,1.2215166060160456,1.2215166060160456,5.037820411511406
frame_00799,799,24.24234970526395,9.54493381518103,140.42175210852884,116.17940240326489,116.17940240326489,479.2415084171393,25.40475950476947,1.162409799505518,1.162409799505518,4.7949551658068605,25.73547419232021,1.49312448705626,1.49312448705626,6.15915744640894
frame_00800,800,24.23713661618483,9.723854686519498,73.49581586765518,49.258679251470355,49.258679251470355,203.23638073062185,24.319312317330752,0.08217570114592121,0.08217570114592121,0.3390487186966085,25.34050099555441,1.1033643793695802,1.1033643793695802,4.552371003399744
frame_00801,801,24.236991605819846,9.798880952199664,50.749618318098285,26.51262671227844,26.51262671227844,109.38909887608395,24.332948823607097,0.09595721778725164,0.09595721778725164,0.3959122458259636,25.294706573993178,1.0577149681733324,1.0577149681733324,4.364052211493737
frame_00802,802,24.244137635928908,9.836801872836952,30.267055456056287,6.022917820127379,6.022917820127379,24.84278018287456,25.074703666372177,0.8305660304432685,0.8305660304432685,3.4258427456392617,25.577406202902125,1.3332685669732172,1.3332685669732172,5.499344158966343
frame_00803,803,24.241427063263934,9.784210159927474,53.28465789374857,29.04323083048464,29.04323083048464,119.80825532543618,24.696067800656824,0.45464073739288935,0.45464073739288935,1.8754701866618377,24.90843125433967,0.6670041910757369,0.6670041910757369,2.751505467623776
frame_00804,804,24.24949602978843,9.785623009503343,92.42733041982041,68.17783439003198,68.17783439003198,281.15155179423664,25.554306699780874,1.3048106699924453,1.3048106699924453,5.380774381412287,25.625069776671346,1.3755737468829174,1.3755737468829174,5.6725869485829445
frame_00805,805,24.24972057507872,9.840376757387252,26.053556875878023,1.8038363007993041,1.8038363007993041,7.438585921905818,25.736684321794147,1.4869637467154284,1.4869637467154284,6.131879920478637,26.202892811011278,1.9531722359325592,1.9531722359325592,8.05441130707222
frame_00806,806,24.24200104122703,9.836425161928162,27.0250795915307,2.783078550303671,2.783078550303671,11.48039943390252,25.49972827516931,1.2577272339422798,1.2577272339422798,5.188215410944553,25.447370016137775,1.2053689749107441,1.2053689749107441,4.972233822038205
frame_00807,807,24.250864546480578,9.76349162234309,32.71304142007618,8.462176873595602,8.462176873595602,34.89433070469103,26.53653560290458,2.2856710564240004,2.2856710564240004,9.425111636919805,26.659336283352346,2.4084717368717676,2.4084717368717676,9.931488142435311
frame_00808,808,24.265954991001752,9.630360214309674,45.98344065714589,21.71748566614414,21.71748566614414,89.4977579666548,24.55614545639241,0.2901904653906584,0.2901904653906584,1.1958749016812493,24.891823299969538,0.6258683089677852,0.6258683089677852,2.5792032878980793
frame_00809,809,24.284396800528697,9.42761248108234,69.24151644737788,44.95711964684918,44.95711964684918,185.12759454610136,25.72388080441465,1.4394840038859549,1.4394840038859549,5.9276086439775835,25.741552917407702,1.4571561168790055,1.4571561168790055,6.0003801158745755
frame_00810,810,24.302087637258186,9.2277283227868,57.612739841724,33.31065220446581,33.31065220446581,137.0690975264049,24.542263047368873,0.24017541011068744,0.24017541011068744,0.9882912682055678,24.897541484358243,0.5954538471000568,0.5954538471000568,2.4502168537453155
frame_00811,811,24.30972992773351,8.984175278424592,102985.12771044667,102960.81798051894,102960.81798051894,423537.4818502493,25.208269963831054,0.8985400360975433,0.8985400360975433,3.6962156254662992,25.22953051138953,0.9198005836560199,0.9198005836560199,3.783672572218397
frame_00812,812,24.331722513978868,8.747704705143828,134.31404285138274,109.98232033740388,109.98232033740388,452.01206069244665,25.065879202294315,0.7341566883154478,0.7341566883154478,3.017282018951457,25.384222260626654,1.0524997466477863,1.0524997466477863,4.32562777272802
frame_00813,813,24.345247164916987,8.428088793384244,39.20383381510045,14.858586650183465,14.858586650183465,61.03280262274606,25.443015191133615,1.0977680262166274,1.0977680262166274,4.509167718775841,25.631524389617173,1.2862772247001857,1.2862772247001857,5.283483942417274
frame_00814,814,24.369247721794075,8.127794462952442,29.711157426118156,5.341909704324081,5.341909704324081,21.92070007785537,25.464182132085366,1.094934410291291,1.094934410291291,4.493098936788523,25.692604735625643,1.3233570138315685,1.3233570138315685,5.430438513898213
frame_00815,815,24.38973603533318,7.8350027024068005,100.0968593660368,75.70712333070361,75.70712333070361,310.40566909386564,25.262357105881303,0.8726210705481243,0.8726210705481243,3.5778208886064466,25.236619401941923,0.8468833666087434,0.8468833666087434,3.4722941051181184
frame_00816,816,24.401121054499008,7.492478604387675,133.53727600195936,109.13615494746034,109.13615494746034,447.2587743149536,24.84308557672579,0.4419645222267832,0.4419645222267832,1.8112467916522017,25.0984269719329,0.6973059174338907,0.6973059174338907,2.8576798413338613
frame_00817,817,24.422919183844442,7.136409804556255,42.65985089567475,18.23693171183031,18.23693171183031,74.67138377092076,26.85786513646263,2.4349459526181896,2.4349459526181896,9.969921835670185,26.133224268187924,1.7103050843434815,1.7103050843434815,7.002869196221368
frame_00818,818,24.43528815371712,6.715509578716971,77.2394315223613,52.804143368644176,52.804143368644176,216.09789512799975,25.058350935254612,0.6230627815374916,0.6230627815374916,2.5498483079795835,25.264837344259984,0.8295491905428634,0.8295491905428634,3.3948819646584423
frame_00819,819,24.458309443915372,6.301350556316089,51.863827117673495,27.405517673758123,27.405517673758123,112.04992616763194,26.7808375121101,2.3225280681947282,2.3225280681947282,9.495865090432554,25.96126307987979,1.502953635964417,1.502953635964417,6.1449612427661675
frame_00820,820,24.472384121462657,5.840111367456822,103.10721457402548,78.63483045256282,78.63483045256282,321.3206774717093,24.83861141906698,0.36622729760432193,0.36622729760432193,1.496492110399391,25.022379874743404,0.5499957532807471,0.5499957532807471,2.2474138627073623
frame_00821,821,24.49729969470103,5.356800000026938,29.11476021654417,4.617460521843139,4.617460521843139,18.84885509582076,26.702352411490605,2.2050527167895737,2.2050527167895737,9.001207252514222,25.90874892150357,1.4114492268025387,1.4114492268025387,5.761652281650646
frame_00822,822,24.50738067762608,4.868617668468609,41.22090178523619,16.713521107610106,16.713521107610106,68.19790873395398,25.218539431406253,0.7111587537801718,0.7111587537801718,2.901814613054187,25.145325008853586,0.637944331227505,0.637944331227505,2.6030702326744932
frame_00823,823,24.526084858232633,4.4241652285132895,30.70609965973423,6.180014801501599,6.180014801501599,25.197722495146483,26.26985442391021,1.743769565677578,1.743769565677578,7.109857018586681,26.086272456134623,1.5601875979019901,1.5601875979019901,6.361339801767359
frame_00824,824,24.533000125549346,3.9612808478856913,28.438040541582765,3.905040416033419,3.905040416033419,15.917500493413366,25.81677884288388,1.2837787173345347,1.2837787173345347,5.232864756714251,26.393027774543906,1.86002764899456,1.86002764899456,7.581737412773563
frame_00825,825,24.548319519363037,3.463297826330405,130.4870254269765,105.93870590761345,105.93870590761345,431.55176395700704,25.71897503490744,1.1706555155444036,1.1706555155444036,4.768780667943575,25.97677195151499,1.4284524321519534,1.4284524321519534,5.81894182624285
frame_00826,826,24.55389799526845,2.8510077733206054,30.98191024540241,6.4280122501339605,6.4280122501339605,26.179192612808944,24.860391570704387,0.3064935754359368,0.3064935754359368,1.248248141679982,24.973878736523847,0.4199807412553973,0.4199807412553973,1.7104442697299136
frame_00827,827,24.56517673344403,2.4175047003410453,41.060788826147785,16.495612092703755,16.495612092703755,67.15039045595775,25.058535689449656,0.4933589560056255,0.4933589560056255,2.008367215750362,25.274638933655652,0.7094622002116218,0.7094622002116218,2.8880809933100586
frame_00828,828,24.565219649930576,1.9186109556975828,32.48731650904968,7.922096859119101,7.922096859119101,32.249240886154624,23.894450278481152,-0.6707693714494241,0.6707693714494241,2.7305653318321528,24.326392751769365,-0.23882689816121072,0.23882689816121072,0.9722156022402416
frame_00829,829,24.56276955360452,1.356283736093448,37.602128896520625,13.039359342916104,13.039359342916104,53.08586767652434,24.844730408926818,0.2819608553222963,0.2819608553222963,1.147919637917701,25.54493884908781,0.9821692954832884,0.9821692954832884,3.9986097387749893
frame_00830,830,24.57050446210221,0.8086139505124962,25.68143912893066,1.1109346668284488,1.1109346668284488,4.521415783473088,25.616733420613283,1.0462289585110724,1.0462289585110724,4.2580686942133665,25.341661677311727,0.7711572152095165,0.7711572152095165,3.1385485650038527
frame_00831,831,24.563799467708584,0.34187422620115177,33.16378284070926,8.599983373000676,8.599983373000676,35.01080272335784,26.33858779174813,1.7747883240395446,1.7747883240395446,7.22521907236977,25.934636034665846,1.3708365669572622,1.3708365669572622,5.580718767710815
frame_00832,832,24.568068697225332,0.43071478680690783,38.15532899910425,13.587260301878917,13.587260301878917,55.30455189346419,26.339596688415142,1.77152799118981,1.77152799118981,7.210692924307408,25.872380900984954,1.304312203759622,1.304312203759622,5.308973284932764
frame_00833,833,24.556742006872494,0.8168803779222751,97.85754768514545,73.30080567827295,73.30080567827295,298.4956459523778,26.091678870899308,1.5349368640268146,1.5349368640268146,6.250572097867236,25.945481295313538,1.3887392884410446,1.3887392884410446,5.655226121007377
frame_00834,834,24.556651096751246,1.280715065111714,350.959600862225,326.40294976547375,326.40294976547375,1329.1834805954288,25.4909861667927,0.9343350700414526,0.9343350700414526,3.8048146970865324,25.57948902980677,1.0228379330555235,1.0228379330555235,4.165217516939194
frame_00835,835,24.53939111587872,1.9053526473248312,48.954944659899084,24.415553544020366,24.415553544020366,99.49535189657489,25.463551739741295,0.9241606238625764,0.9241606238625764,3.7660291549148472,25.44418058409137,0.9047894682126518,0.9047894682126518,3.687090131699271
frame_00836,836,24.534538643337406,2.382988290708385,27.287102581748503,2.7525639384110967,2.7525639384110967,11.21913877585215,25.957319710198075,1.4227810668606686,1.4227810668606686,5.79909444210005,25.39618030346644,0.8616416601290346,0.8616416601290346,3.5119537915705696
frame_00837,837,24.52056016593632,2.832609107678866,68.84682246579948,44.32626229986316,44.32626229986316,180.77181760896593,25.091820602940036,0.5712604370037155,0.5712604370037155,2.329720174163492,24.915522460920254,0.39496229498393376,0.39496229498393376,1.6107392829165903
frame_00838,838,24.51229499354595,3.3601489236793753,29.274139558862444,4.761844565316494,4.761844565316494,19.426351414954333,24.871997793121754,0.3597027995758033,0.3597027995758033,1.4674382780988582,26.668344258133448,2.156049264587498,2.156049264587498,8.795787033222235
frame_00839,839,24.490097990398308,3.8686956390296476,139.57875850279208,115.08866051239377,115.08866051239377,469.9395672386282,24.69270772362725,0.20260973322894316,0.20260973322894316,0.827312872771596,24.862408574496317,0.37231058409800966,0.37231058409800966,1.520249466719077
frame_00840,840,24.469369183533022,4.305469594530987,937.0285079973343,912.5591388138013,912.5591388138013,3729.3938064734407,25.451784364272815,0.9824151807397925,0.9824151807397925,4.014877430517994,26.06569183072906,1.5963226471960397,1.5963226471960397,6.523758889012576
frame_00841,841,24.459946260013606,4.741600043175931,28.347816756015362,3.8878704960017565,3.8878704960017565,15.894844799219905,25.258328766924674,0.7983825069110679,0.7983825069110679,3.264040314823749,25.344480645483447,0.8845343854698413,0.8845343854698413,3.616256454806084
frame_00842,842,24.434755612757023,5.2191503756296385,25.71782990823319,1.2830742954761654,1.2830742954761654,5.251021601404073,24.703639684537386,0.2688840717803629,0.2688840717803629,1.1004164561399685,24.912684392113384,0.47792877935636113,0.47792877935636113,1.9559384465741971
frame_00843,843,24.42185344960176,5.682940796507227,3014.534045534627,2990.112192085025,2990.112192085025,12243.592396685126,25.457478925249,1.0356254756472403,1.0356254756472403,4.240568709432363,25.835407911228764,1.4135544616270046,1.4135544616270046,5.788072000940023
frame_00844,844,24.40001963641606,6.052610768747531,10494.341207104502,10469.941187468086,10469.941187468086,42909.56049823056,25.655445313790302,1.255425677374241,1.255425677374241,5.145183061658557,25.746924377387824,1.3469047409717625,1.3469047409717625,5.520096955010482
frame_00845,845,24.387844863055122,6.433159632514955,39.76815765077209,15.380312787716967,15.380312787716967,63.065485589571026,26.02785146058788,1.6400065975327571,1.6400065975327571,6.7246884943785465,26.244410112449046,1.856565249393924,1.856565249393924,7.612666309053057
frame_00846,846,24.364843442050166,6.786468457646119,26.593697038969086,2.2288535969189205,2.2288535969189205,9.147826466523664,27.154258075853946,2.78941463380378,2.78941463380378,11.448522706243443,26.87442113482653,2.5095776927763644,2.5095776927763644,10.29999514975417
frame_00847,847,24.348713044212253,7.1613226120579965,13354.448883035491,13330.10016999128,13330.10016999128,54746.63135495729,26.38646587123457,2.0377528270223166,2.0377528270223166,8.369037095809444,26.746247150057236,2.397534105844983,2.397534105844983,9.846656377655583
frame_00848,848,24.335152167286687,7.53289727214035,73.99899086191172,49.663838694625035,49.663838694625035,204.08271274912042,26.728277903857965,2.393125736571278,2.393125736571278,9.834028240794462,27.455456504107513,3.1203043368208263,3.1203043368208263,12.82221009086352
frame_00849,849,24.312651710997567,7.77608968818165,30.057017238043134,5.7443655270455665,5.7443655270455665,23.62706296017544,27.205454535801497,2.8928028248039297,2.8928028248039297,11.898343542244723,26.921328513199285,2.6086768022017175,2.6086768022017175,10.729709096361999
frame_00850,850,24.30625798044875,7.997763133012986,40.370919870991834,16.064661890543086,16.064661890543086,66.09269885749191,26.288958517243646,1.9827005367948978,1.9827005367948978,8.157160754196408,25.77849392167448,1.4722359412257333,1.4722359412257333,6.057024254453143
frame_00851,851,24.289004642796606,8.23188161559085,32.24557158209627,7.9565669392996625,7.9565669392996625,32.757896242814304,25.05012015132385,0.7611155085272436,0.7611155085272436,3.133580481046875,25.17502336076723,0.8860187179706251,0.8860187179706251,3.6478181424095197
frame_00852,852,24.275890718170437,8.518976296031376,283.9888906519253,259.7129999337549,259.7129999337549,1069.8392201088648,26.080558442122516,1.804667723952079,1.804667723952079,7.433991794176641,25.55192709300975,1.276036374839311,1.276036374839311,5.25639363619396
frame_00853,853,24.26615320289577,8.759035885661348,29.99590038884836,5.72974718595259,5.72974718595259,23.61209516005544,26.614309748842064,2.3481565459462956,2.3481565459462956,9.676674033633322,26.927172222492153,2.6610190195963845,2.6610190195963845,10.965969749497976
frame_00854,854,24.248451682938175,8.916518508805774,27737.11576124636,27712.867309563422,27712.867309563422,114287.16221523908,26.25453918240887,2.006087499470695,2.006087499470695,8.273053990008892,26.117060704206775,1.8686090212686004,1.8686090212686004,7.706096231222057
frame_00855,855,24.245036912028073,9.070439394329782,100268.94932040798,100244.70428349594,100244.70428349594,413464.8449793206,25.66253882344855,1.4175019114204765,1.4175019114204765,5.846565284943935,25.36359671442209,1.1185598023940173,1.1185598023940173,4.613561969209025
frame_00856,856,24.249443570004612,9.099099118997653,204812.5015690111,204788.2521254411,204788.2521254411,844507.0153228351,25.240411342416085,0.9909677724114729,0.9909677724114729,4.086558809280276,24.931561492870554,0.6821179228659418,0.6821179228659418,2.8129219579689186
frame_00857,857,24.242757285162373,9.133103434870552,5357.620183006208,5333.377425721046,5333.377425721046,21999.879646467878,25.571632126121727,1.3288748409593545,1.3288748409593545,5.481533413580328,25.30017068975354,1.0574134045911663,1.0574134045911663,4.361770371880716
frame_00858,858,24.24959660694113,9.175120823125798,46963.89966906675,46939.65007245981,46939.65007245981,193568.7872804612,25.380572185332564,1.1309755783914355,1.1309755783914355,4.663894400897822,25.123104661040834,0.8735080540997053,0.8735080540997053,3.6021549894552685
frame_00859,859,24.24279555309048,9.188830902124089,53.2433287836214,29.00053323053092,29.00053323053092,119.62536732622785,26.407730638983423,2.1649350858929424,2.1649350858929424,8.930220449006573,26.036381223663717,1.7935856705732363,1.7935856705732363,7.3984275726179165
frame_00860,860,24.242564674545886,9.281784306089243,8135.136291096925,8110.893726422379,8110.893726422379,33457.242809539144,25.571304972420492,1.3287402978746066,1.3287402978746066,5.481021978131514,24.942268778336725,0.6997041037908396,0.6997041037908396,2.8862627085223873
frame_00861,861,24.24750047208219,9.259713684485936,55.634290163881225,31.386789691799034,31.386789691799034,129.44340274551928,25.297905404436893,1.0504049323547022,1.0504049323547022,4.332013246330711,25.250833220116178,1.003332748033987,1.003332748033987,4.137881136198731
frame_00862,862,24.258718479655485,9.183215526704542,1745478.967322734,1745454.7086042543,1745454.7086042543,7195164.534631439,25.72443692844803,1.4657184487925434,1.4657184487925434,6.042027529285047,25.698236552630735,1.4395180729752504,1.4395180729752504,5.934023572525064
frame_00863,863,24.261900362925516,9.010343657690967,25.2510990659491,0.9891987030235825,0.9891987030235825,4.077169093214033,25.931900726541887,1.6700003636163707,1.6700003636163707,6.883221588727194,25.283932378198138,1.0220320152726217,1.0220320152726217,4.212497784527973
frame_00864,864,24.276225009625357,8.899430060302228,27.405236663541093,3.129011653915736,3.129011653915736,12.889201894755484,25.58577849827487,1.309553488649513,1.309553488649513,5.3943868461026545,25.9433015051616,1.667076495536243,1.667076495536243,6.867115850488528
frame_00865,865,24.297106579681703,8.664927673784431,28.62671913148303,4.3296125518013255,4.3296125518013255,17.819457381077363,26.320571667062833,2.0234650873811297,2.0234650873811297,8.32800844308449,26.150006897561322,1.8529003178796195,1.8529003178796195,7.626012224143163
frame_00866,866,24.30848193596353,8.391057069653884,5854.879895223411,5830.571413287447,5830.571413287447,23985.74879602549,27.330930867796873,3.022448931833342,3.022448931833342,12.43372144667634,26.260432329165315,1.951950393201784,1.951950393201784,8.029914818802169
frame_00867,867,24.330859477184347,8.150835793229135,950751.6360627495,950727.3052032724,950727.3052032724,3907495.7713466436,26.359651745308252,2.0287922681239046,2.0287922681239046,8.33835019279263,27.196365162600063,2.865505685415716,2.865505685415716,11.777248099693198
frame_00868,868,24.34027233171581,7.904743945553527,24527.295328779383,24502.955056447667,24502.955056447667,100668.36854787313,25.528470506921998,1.188198175206189,1.188198175206189,4.881614137315734,25.876486147347784,1.5362138156319745,1.5362138156319745,6.31140767324226
frame_00869,869,24.347411492334402,7.653307473323081,736.0569411155637,711.7095296232294,711.7095296232294,2923.142486203537,26.370608523756783,2.023197031422381,2.023197031422381,8.309700733728386,26.938057141920368,2.5906456495859658,2.5906456495859658,10.6403329586047
frame_00870,870,24.367009517871296,7.395565056659477,28.775510646267733,4.408501128396438,4.408501128396438,18.09208932742915,26.926168047094553,2.5591585292232573,2.5591585292232573,10.50255480610501,26.445310639844664,2.078301121973368,2.078301121973368,8.529159560795085
frame_00871,871,24.386112479389542,7.101416965227017,25.88658552323892,1.5004730438493787,1.5004730438493787,6.152981723173534,26.832603228415234,2.446490749025692,2.446490749025692,10.032311427634877,26.453727109399026,2.0676146300094835,2.0676146300094835,8.478656168575347
frame_00872,872,24.395432693898687,6.731210302633735,67.12603874055748,42.73060604665879,42.73060604665879,175.15822155245374,26.785234787862482,2.3898020939637945,2.3898020939637945,9.796104557561241,26.560624367129,2.1651916732303143,2.1651916732303143,8.875397704144145
frame_00873,873,24.418782511089184,6.32899098343327,27.159040209554124,2.7402576984649407,2.7402576984649407,11.221925979399344,26.82576670436744,2.406984193278255,2.406984193278255,9.857101565916249,26.598800211371085,2.1800177002819012,2.1800177002819012,8.927626507553766
frame_00874,874,24.4305082318151,5.897693866243873,39.14884897221663,14.718340740401533,14.718340740401533,60.24574110674575,25.91304234818846,1.4825341163733583,1.4825341163733583,6.068371981073646,25.62804217791111,1.1975339460960086,1.1975339460960086,4.90179710848789
frame_00875,875,24.453310425926546,5.4875389032372475,28.861745446343303,4.408435020416757,4.408435020416757,18.027968171306277,26.88672813379135,2.4334177078648054,2.4334177078648054,9.951281300894058,26.3652577221287,1.911947296202154,1.911947296202154,7.81876671460817
frame_00876,876,24.463948228024897,5.016408511653036,23.881301756113125,-0.5826464719117723,0.5826464719117723,2.3816534701635623,26.80033753369167,2.336389305666774,2.336389305666774,9.550336208569565,26.31977046673724,1.8558222387123422,1.8558222387123422,7.58594737617368
frame_00877,877,24.486724143593506,4.560878557929275,74769.42513938501,74744.93841524141,74744.93841524141,305246.7858784493,26.2316632273844,1.744939083790893,1.744939083790893,7.126061753129292,25.81277574459063,1.3260516009971255,1.3260516009971255,5.415389960784371
frame_00878,878,24.498488417899132,4.047259122091378,25.31211456907922,0.8136261511800882,0.8136261511800882,3.3211279704328005,25.351020844733586,0.8525324268344541,0.8525324268344541,3.4799388937465023,25.518281464234974,1.0197930463358418,1.0197930463358418,4.162677422949731
frame_00879,879,24.508147694688507,3.532951619902778,43.00278408980466,18.494636395116157,18.494636395116157,75.46321584770105,23.89575061379847,-0.6123970808900374,0.6123970808900374,2.4987489406339685,24.801121981323433,0.29297428663492653,0.29297428663492653,1.1954158685701937
frame_00880,880,24.527746126412598,3.058744775600927,23289.885072906345,23265.357326779933,23265.357326779933,94853.22135541322,26.26514313209604,1.737397005683441,1.737397005683441,7.083394441254969,27.21419873358128,2.6864526071686825,2.6864526071686825,10.95270879486064
frame_00881,881,24.536076991989894,2.5857600031805696,33.37576594264725,8.839688950657354,8.839688950657354,36.02731175624848,24.78253169067106,0.2464546986811662,0.2464546986811662,1.004458450149241,25.43736415527801,0.9012871632881172,0.9012871632881172,3.6733140492767182
frame_00882,882,24.539752893415226,2.0378451087481357,259.2736873940273,234.7339345006121,234.7339345006121,956.5456323873516,24.96279831265638,0.42304541924115213,0.42304541924115213,1.7239188229750606,25.914588405581206,1.3748355121659799,1.3748355121659799,5.602483114387393
frame_00883,883,24.552524668597414,1.6146234231303351,864.2224707998839,839.6699461312865,839.6699461312865,3419.8924854567854,24.742497237667948,0.18997256907053384,0.18997256907053384,0.7737394489354003,25.149150727310246,0.5966260587128325,0.5966260587128325,2.4299988158688826
frame_00884,884,24.555525907026066,1.0831720885671157,32.084406067040284,7.528880160014218,7.528880160014218,30.66063495654956,25.54219958853141,0.9866736815053443,0.9866736815053443,4.018132966246215,26.681777219902784,2.126251312876718,2.126251312876718,8.658952453013171
frame_00885,885,24.554728210043756,0.5222861405616491,310.82175221728,286.2670240072362,286.2670240072362,1165.8325906052703,25.231762838527892,0.6770346284841366,0.6770346284841366,2.7572474950352146,25.37589156809446,0.8211633580507041,0.8211633580507041,3.3442168490988187
frame_00886,886,24.564675120825523,0.3271549179530025,136658.38443076657,136633.81975564576,136633.81975564576,556220.7482231666,25.281620731839386,0.7169456110138626,0.7169456110138626,2.918604082844344,25.104759405959044,0.5400842851335206,0.5400842851335206,2.1986217300942283
frame_00887,887,24.55993404049392,0.5894422466740875,25.4478097296248,0.8878756891308797,0.8878756891308797,3.6151387363946834,25.89484293622519,1.3349088957312674,1.3349088957312674,5.435311404054655,25.741288589114923,1.1813545486210018,1.1813545486210018,4.810088441903828
frame_00888,888,24.566765210432205,1.17100848647697,39.47964678492775,14.912881574495547,14.912881574495547,60.703480685209776,25.829629582584552,1.2628643721523467,1.2628643721523467,5.140539917791354,25.741324093476738,1.1745588830445328,1.1745588830445328,4.781088893810732
frame_00889,889,24.56328900409509,1.7040579542450742,137.2557944771563,112.6925054730612,112.6925054730612,458.7842672627171,25.80276881693107,1.239479812835981,1.239479812835981,5.0460661543710215,25.923479609846,1.3601906057509119,1.3601906057509119,5.5374938002974545
frame_00890,890,24.5550881503712,2.114451931204444,38.71238817794132,14.15730002757012,14.15730002757012,57.65526045304017,26.14096126973223,1.585873119361029,1.585873119361029,6.458429754556002,25.99569406164449,1.4406059112732876,1.4406059112732876,5.866832578450792
frame_00891,891,24.560489573946143,2.4814291471111187,42.92348145368839,18.362991879742246,18.362991879742246,74.7663918687589,24.829582152242033,0.26909257829588995,0.26909257829588995,1.095631980322348,26.038369275080914,1.4778797011347713,1.4778797011347713,6.017305545499025
frame_00892,892,24.551353690729076,2.9720943828989865,370.16302043146254,345.6116667407335,345.6116667407335,1407.7092086015653,26.27908119282729,1.7277275020982152,1.7277275020982152,7.037198534395391,26.559168000648068,2.0078143099189916,2.0078143099189916,8.178018756974568
frame_00893,893,24.539911488340866,3.439602908267333,9258.940603509946,9234.400692021605,9234.400692021605,37630.13039557601,26.904551305924958,2.3646398175840915,2.3646398175840915,9.635893832410737,27.22553567260694,2.685624184266075,2.685624184266075,10.943903304386568
frame_00894,894,24.540216424361244,3.888818570165915,403.36322834812216,378.82301192376093,378.82301192376093,1543.682440989806,26.32848889297676,1.7882724686155171,1.7882724686155171,7.287109606907487,26.49749417902698,1.9572777546657356,1.9572777546657356,7.975796630394557
frame_00895,895,24.525018274838228,4.349449226402332,65.29469937489061,40.76968110005238,40.76968110005238,166.23710793268026,26.854359139258865,2.3293408644206366,2.3293408644206366,9.497814999838166,25.986384361564763,1.4613660867265352,1.4613660867265352,5.958674812592672
frame_00896,896,24.50868612698483,4.757404316595036,235.3915625899118,210.882876462927,210.882876462927,860.4413772745587,26.248693846526358,1.740007719541527,1.740007719541527,7.099555278182472,25.85896940047603,1.3502832734912005,1.3502832734912005,5.5094070179653425
frame_00897,897,24.50278038208148,5.14807474256044,89.22970796384006,64.72692758175857,64.72692758175857,264.1615627795955,25.119688201373823,0.6169078192923436,0.6169078192923436,2.5177053774006772,24.990961871352358,0.4881814892708789,0.4881814892708789,1.9923514052628852
frame_00898,898,24.497494052197624,5.501303915215699,68.14119443409795,43.64370038190033,43.64370038190033,178.15577499032045,25.67138946329603,1.1738954110984068,1.1738954110984068,4.791899973920389,26.418689938226056,1.921195886028432,1.921195886028432,7.842418011960227
frame_00899,899,24.478647131339432,5.813505076426053,51.18480853838841,26.706161407048977,26.706161407048977,109.09982591667703,25.942619145908342,1.4639720145689097,1.4639720145689097,5.980608351082528,25.994982396311084,1.5163352649716515,1.5163352649716515,6.194522339554964
frame_00900,900,24.471628613561727,6.149624500812973,140.95340693745536,116.48177832389362,116.48177832389362,475.9870303823651,26.34138864399987,1.8697600304381439,1.8697600304381439,7.6405214379641135,25.50507190116948,1.0334432876077528,1.0334432876077528,4.223026198734634
frame_00901,901,24.455666258782056,6.414175161269847,41.414315801523095,16.95864954274104,16.95864954274104,69.34445933016104,26.078544567770923,1.6228783089888665,1.6228783089888665,6.6360012105827995,25.727222164107786,1.2715559053257302,1.2715559053257302,5.199432687175771
frame_00902,902,24.454442184469965,6.598333904637991,63.0284819790527,38.57403979458273,38.57403979458273,157.73837531685575,24.6407552839221,0.1863130994521356,0.1863130994521356,0.7618783452376418,24.9456316773396,0.4911894928696334,0.4911894928696334,2.008590051510429
frame_00903,903,24.44106681548433,6.779742779712428,31.14949699075789,6.708430175273559,6.708430175273559,27.447370550222942,24.49621067821085,0.05514386272652061,0.05514386272652061,0.2256197045031803,24.761992392500918,0.3209255770165882,0.3209255770165882,1.3130587933799593
frame_00904,904,24.439676885377907,7.008180019108032,28.94627203570597,4.506595150328064,4.506595150328064,18.439667477863953,24.62727559533523,0.18759870995732442,0.18759870995732442,0.7675989778308544,25.151471501008377,0.7117946156304704,0.7117946156304704,2.9124550990129183
frame_00905,905,24.42611516537507,7.217795292410615,29.933493257179588,5.507378091804519,5.507378091804519,22.547089680521253,25.406253929054856,0.9801387636797863,0.9801387636797863,4.012667413724347,25.538445890431742,1.1123307250566725,1.1123307250566725,4.553858513831306
frame_00906,906,24.4092091230164,7.357294928302173,180.12234553078883,155.71313640777242,155.71313640777242,637.9278231548453,24.761985831358572,0.3527767083421729,0.3527767083421729,1.4452607069908132,25.259836452691523,0.8506273296751239,0.8506273296751239,3.4848623131875014
frame_00907,907,24.403339158233795,7.57135129144979,26.257918249435797,1.8545790912020017,1.8545790912020017,7.599693956538969,24.878280593222993,0.47494143498919783,0.47494143498919783,1.9462149499690515,25.500786660111796,1.0974475018780012,1.0974475018780012,4.497120229170431
frame_00908,908,24.397896030619737,7.680063734372749,33.117584463308546,8.719688432688809,8.719688432688809,35.73950975832287,24.765673211662573,0.3677771810428361,0.3677771810428361,1.5074135104980775,25.18248364025813,0.7845876096383932,0.7845876096383932,3.2158002831626287
frame_00909,909,24.386631304570567,7.681194880833974,765.1246933186019,740.7380620140314,740.7380620140314,3037.475954603051,25.03963514580939,0.6530038412388244,0.6530038412388244,2.677712362496077,25.245916852947346,0.8592855483767785,0.8592855483767785,3.5235926506000457
frame_00910,910,24.388408197169845,7.706062509852785,53.49056988960161,29.102161692431764,29.102161692431764,119.32784401980334,24.420600396844673,0.032192199674828004,0.032192199674828004,0.1319979533496727,24.721134850009964,0.33272665284011893,0.33272665284011893,1.364281957847213
frame_00911,911,24.388079731748274,7.754131767379697,643.4127315460536,619.0246518143053,619.0246518143053,2538.2262917914863,24.900226665203675,0.5121469334554014,0.5121469334554014,2.0999887612663954,25.60660833128196,1.2185285995336876,1.2185285995336876,4.996410594588197
frame_00912,912,24.37796489858105,7.7098000894626155,1797.5395203310602,1773.1615554324792,1773.1615554324792,7273.624204519582,25.046393916782332,0.6684290182012802,0.6684290182012802,2.741939374275606,25.210746912386945,0.8327820138058932,0.8327820138058932,3.4161260682361814
frame_00913,913,24.38584538878951,7.660967496020341,424.4197699419918,400.03392455320227,400.03392455320227,1640.434925159917,24.920164892766817,0.5343195039773079,0.5343195039773079,2.1911051081417154,25.188859651702113,0.8030142629126047,0.8030142629126047,3.292952325867533
frame_00914,914,24.38332434393864,7.492488571287967,960.5933332248443,936.2100088809057,936.2100088809057,3839.5503241281153,25.018580900166747,0.6352565562281072,0.6352565562281072,2.605291006539981,25.37733661965327,0.9940122757146312,0.9940122757146312,4.076606871538946
frame_00915,915,24.392756869508354,7.395333144858129,27.543327583031687,3.150570713523333,3.150570713523333,12.916009167711735,25.20162210995495,0.8088652404465968,0.8088652404465968,3.31600583227926,25.383822548277923,0.9910656787695693,0.9910656787695693,4.06295067044443
frame_00916,916,24.389780873480234,7.298028923428202,708.9466158662372,684.5568349927569,684.5568349927569,2806.736307078088,24.954641480337386,0.5648606068571524,0.5648606068571524,2.315972454969216,24.915133637808854,0.5253527643286198,0.5253527643286198,2.1539872254442933
frame_00917,917,24.397009921307532,7.2112459614782685,68.29367572756806,43.89666580626053,43.89666580626053,179.92641699884152,25.1665720023629,0.7695620810553692,0.7695620810553692,3.154329499957531,26.080730492809874,1.6837205715023416,1.6837205715023416,6.901339864734147
frame_00918,918,24.394476731671364,7.026650139827588,29.792419007308055,5.397942275636691,5.397942275636691,22.127723152300863,25.357534229599974,0.9630574979286095,0.9630574979286095,3.9478506078315316,25.634707812812824,1.2402310811414594,1.2402310811414594,5.084065113523287
frame_00919,919,24.40559373207075,6.82409847690137,26.665964206929853,2.260370474859105,2.260370474859105,9.261690166909611,24.722111506438747,0.31651777436799833,0.31651777436799833,1.296906675751431,25.168363324365576,0.762769592294827,0.762769592294827,3.1253883870585435
frame_00920,920,24.41648507820826,6.63198244682336,150.4862416503355,126.06975657212723,126.06975657212723,516.3304880629383,24.40975295820862,-0.006732119999639963,0.006732119999639963,0.027572027579221003,25.746355731158783,1.3298706529505218,1.3298706529505218,5.446609733918796
frame_00921,921,24.417069105359687,6.3387137319779985,49.6414478763096,25.22437877094991,25.22437877094991,103.30633321348554,25.029092805079966,0.6120236997202788,0.6120236997202788,2.5065403922124956,25.128792996471724,0.7117238911120367,0.7117238911120367,2.914862091109081
frame_00922,922,24.43073041038808,6.1028605905948785,107.56734899960384,83.13661858921576,83.13661858921576,340.2952641721494,24.770822531328477,0.34009212094039754,0.34009212094039754,1.3920669387591806,25.059373055447146,0.6286426450590668,0.6286426450590668,2.5731635301078204
frame_00923,923,24.43220987226604,5.8617673560741,26.606159080379182,2.173949208113143,2.173949208113143,8.897882015088936,24.78288007595897,0.3506702036929319,0.3506702036929319,1.4352782884817612,25.61128941249521,1.1790795402291714,1.1790795402291714,4.8259226095122525
frame_00924,924,24.449441431161986,5.588187156168526,33.862482253343806,9.41304082218182,9.41304082218182,38.500024013572954,24.682252585941836,0.23281115477984926,0.23281115477984926,0.9522146157626337,25.021739087955595,0.5722976567936087,0.5722976567936087,2.340739187866222
frame_00925,925,24.45456570684379,5.28738547717861,27.757384829096036,3.302819122252245,3.302819122252245,13.50594061593957,24.648441631056716,0.1938759242129251,0.1938759242129251,0.7928005205124845,25.3872891595239,0.9327234526801078,0.9327234526801078,3.814107614346544
frame_00926,926,24.471413802703495,5.000186316112466,313.71070775659314,289.2392939538896,289.2392939538896,1181.9476238105037,24.27533760974671,-0.19607619295678447,0.19607619295678447,0.8012458721740173,24.894280736778043,0.42286693407454834,0.42286693407454834,1.7280036923237834
frame_00927,927,24.478101748151413,4.654434011073392,68.57620898592634,44.098107237774926,44.098107237774926,180.15329657294697,25.591767401868918,1.1136656537175043,1.1136656537175043,4.549640593767073,25.092850761302255,0.614749013150842,0.614749013150842,2.511424372183059
frame_00928,928,24.49350895046711,4.329398558756143,35.19680583115883,10.703296880691717,10.703296880691717,43.69850356001196,25.439413823864754,0.9459048733976445,0.9459048733976445,3.8618593820531597,25.677936119159646,1.1844271686925367,1.1844271686925367,4.83567777523338
frame_00929,929,24.498057881064742,3.9888623605946973,67.54839003883852,43.05033215777378,43.05033215777378,175.72957157166582,25.70619964271046,1.2081417616457166,1.2081417616457166,4.9315817911407756,25.518742102787233,1.0206842217224903,1.0206842217224903,4.166388318118093
frame_00930,930,24.50402667198679,3.5919709454769775,177.74021580878284,153.23618913679604,153.23618913679604,625.3510542900973,25.289508876515587,0.7854822045287975,0.7854822045287975,3.20552297401295,25.21863163473143,0.7146049627446409,0.7146049627446409,2.916275648530792
frame_00931,931,24.52038712925221,3.2504280351806902,446.8079746636919,422.2875875344397,422.2875875344397,1722.1897244463205,24.9312167835234,0.4108296542711898,0.4108296542711898,1.6754615337254617,25.81665687728383,1.2962697480316194,1.2962697480316194,5.286497889281699
frame_00932,932,24.532950661632576,2.9310860749011804,50.791151661742674,26.2582010001101,26.2582010001101,107.0323800926876,26.121072260188473,1.5881215985558974,1.5881215985558974,6.473422705894008,25.875804944517025,1.3428542828844492,1.3428542828844492,5.473676205547332
frame_00933,933,24.536212230605578,2.5506071156196826,25.57871173022145,1.0424994996158716,1.0424994996158716,4.248820029016116,25.44585249300225,0.9096402623966711,0.9096402623966711,3.7073377661040072,25.115187674886737,0.5789754442811592,0.5789754442811592,2.3596773570411425
frame_00934,934,24.536815863113294,2.2048726271318597,235.5315039679775,210.9946881048642,210.9946881048642,859.9106309554081,25.127428708259174,0.5906128451458805,0.5906128451458805,2.4070476317742644,26.356961343845693,1.8201454807323998,1.8201454807323998,7.418018258304911
frame_00935,935,24.5528038405922,1.8140999063017784,29.231260508381574,4.678456667789373,4.678456667789373,19.054673747910865,26.55222292971294,1.9994190891207388,1.9994190891207388,8.143343229155672,25.97057635374294,1.4177725131507373,1.4177725131507373,5.774381298183097
frame_00936,936,24.55331593384856,1.5433458966569078,14802.347854962498,14777.79453902865,14777.79453902865,60186.553127255494,27.22836597240623,2.6750500385576714,2.6750500385576714,10.894862615561907,28.416679429199238,3.8633634953506792,3.8633634953506792,15.73458959987049
frame_00937,937,24.553387270588683,1.1732747070944651,63.47230752795261,38.91892025736392,38.91892025736392,158.50733680229536,26.34237413981437,1.7889868692256883,1.7889868692256883,7.286110260512322,26.181897116000787,1.628509845412104,1.628509845412104,6.632526206935275
frame_00938,938,24.56439283940375,0.7042523796133805,1095.1952632967295,1070.6308704573257,1070.6308704573257,4358.46665316281,25.602587531201166,1.0381946917974147,1.0381946917974147,4.226421139675174,25.906427434297164,1.3420345948934127,1.3420345948934127,5.463333059633595
frame_00939,939,24.562357164419208,0.35776001347857,26.26056089109301,1.6982037266738033,1.6982037266738033,6.913846726135082,26.57640990790434,2.0140527434851307,2.0140527434851307,8.199753509010398,26.039632435420675,1.4772752710014672,1.4772752710014672,6.014387223150691
frame_00940,940,24.570508120187593,0.13786468485718484,31.542174238455207,6.971666118267613,6.971666118267613,28.37412268466504,25.333742239093997,0.7632341189064036,0.7632341189064036,3.1063017304038416,25.522768410746227,0.9522602905586339,0.9522602905586339,3.8756231084054744
frame_00941,941,24.567296741944528,0.24518871088963484,28.256534930546813,3.6892381886022854,3.6892381886022854,15.016866639232356,26.31990943749671,1.752612695552184,1.752612695552184,7.133925697896963,26.1950185667608,1.6277218248162733,1.6277218248162733,6.625563414297887
frame_00942,942,24.562859312231726,0.6253098319285201,344.07567603558334,319.5128167233516,319.5128167233516,1300.7965101369193,26.722258402039223,2.159399089807497,2.159399089807497,8.791318072371839,26.575720508482615,2.0128611962508884,2.0128611962508884,8.194734866427098
frame_00943,943,24.570375773425614,0.9808918109448269,66.12018648582568,41.549810712400074,41.549810712400074,169.10531241178157,26.124452187626915,1.554076414201301,1.554076414201301,6.325000596377249,25.65390304056555,1.0835272671399352,1.0835272671399352,4.409892942344973
frame_00944,944,24.56342191588562,1.3018983473337897,107.39322922130278,82.82980730541715,82.82980730541715,337.207932954364,26.52217468362863,1.958752767743011,1.958752767743011,7.974266673635766,26.558643818241627,1.9952219023560076,1.9952219023560076,8.122735949365673
frame_00945,945,24.555794724875973,1.588693001329074,24.426733330490535,-0.12906139438543818,0.12906139438543818,0.5255842697475149,25.651775955376937,1.0959812305009642,1.0959812305009642,4.463228507895502,25.425623448060485,0.8698287231845114,0.8698287231845114,3.542254416646272
frame_00946,946,24.55904378870999,1.8831347321775012,64.33562330896378,39.77657952025379,39.77657952025379,161.96306282307066,25.721115515825186,1.1620717271151975,1.1620717271151975,4.731746631151055,25.700059039638102,1.1410152509281133,1.1410152509281133,4.646008455152672
frame_00947,947,24.5479450808371,2.285153243358529,67486.71176125998,67462.16381617915,67462.16381617915,274817.96783406625,25.609147887419777,1.0612028065826777,1.0612028065826777,4.322980205015556,25.908273288995883,1.3603282081587835,1.3603282081587835,5.541515608248198
frame_00948,948,24.547388600695808,2.656558757460677,26.82478510591739,2.2773965052215814,2.2773965052215814,9.2775510351314,26.031754438622634,1.484365837926827,1.484365837926827,6.046939909057178,25.806048140651452,1.2586595399556444,1.2586595399556444,5.127468181768089
frame_00949,949,24.535718092124227,2.899215626802481,26.457189257019746,1.921471164895518,1.921471164895518,7.83132231011529,25.422540347735218,0.8868222556109906,0.8868222556109906,3.61441329037626,25.338116207929474,0.8023981158052464,0.8023981158052464,3.2703266021906647
frame_00950,950,24.525094519807546,3.103212136868621,209.59851505958878,185.07342053978124,185.07342053978124,754.6287758047489,25.352009298911508,0.8269147791039622,0.8269147791039622,3.3717088365800563,25.696772781475026,1.1716782616674806,1.1716782616674806,4.777466854291557
frame_00951,951,24.52850459442054,3.356941350155944,44.24624584024162,19.71774124582108,19.71774124582108,80.38704997248892,25.628553538956194,1.1000489445356543,1.1000489445356543,4.484777864468267,25.394559329273342,0.8660547348528027,0.8660547348528027,3.5308093549649286
frame_00952,952,24.512672067285777,3.629317058979094,36233.29490432082,36208.782232253536,36208.782232253536,147714.5459004333,25.315238371829373,0.8025663045435962,0.8025663045435962,3.2740873877013534,25.63075486668748,1.1180827994017015,1.1180827994017015,4.561244063203852
frame_00953,953,24.501297997611285,3.8217164153472787,113.27934581428879,88.7780478166775,88.7780478166775,362.34018224394794,25.1289948151057,0.6276968174944138,0.6276968174944138,2.56189209875987,26.054887158216722,1.553589160605437,1.553589160605437,6.34084431264377
frame_00954,954,24.497112521460284,4.093633018265054,104.16998927806216,79.67287675660188,79.67287675660188,325.233746168271,25.978352532936402,1.4812400114761175,1.4812400114761175,6.046590226413428,25.678742834392413,1.1816303129321284,1.1816303129321284,4.8235493546310035
frame_00955,955,24.483088958632138,4.281682624690731,44.79214359917284,20.3090546405407,20.3090546405407,82.95135746496655,24.860867588041316,0.3777786294091783,0.3777786294091783,1.5430186527831196,25.095337383048197,0.6122484244160589,0.6122484244160589,2.5006992600098163
frame_00956,956,24.479218986563172,4.5120002754110695,6076.695669821617,6052.216450835054,6052.216450835054,24723.89521151456,25.008345780327257,0.5291267937640853,0.5291267937640853,2.161534622712134,24.867426037088045,0.3882070505248727,0.3882070505248727,1.5858637105128333
frame_00957,957,24.46850215827913,4.6628353517526495,24.837767492046673,0.3692653337675438,0.3692653337675438,1.509145641113956,24.435973917778053,-0.032528240501076056,0.032528240501076056,0.13293923874318495,25.279067085893747,0.8105649276146174,0.8105649276146174,3.3126871533505606
frame_00958,958,24.46844546891144,4.846347239156875,34.464530333167744,9.996084864256304,9.996084864256304,40.85296255112284,25.58982672980403,1.1213812608925906,1.1213812608925906,4.582968960236439,25.984310176602012,1.5158647076905716,1.5158647076905716,6.19518191139917
frame_00959,959,24.452522436372067,5.023044336124026,25.55195653538804,1.0994340990159728,1.0994340990159728,4.496199121693115,24.638131523044063,0.18560908667199527,0.18560908667199527,0.7590590588556615,24.97856597869388,0.5260435423218119,0.5260435423218119,2.1512853886163703
frame_00960,960,24.44991117500303,5.167999118812329,28.141903588735197,3.691992413732166,3.691992413732166,15.100228329282297,24.295413595560913,-0.1544975794421184,0.1544975794421184,0.6318942360824312,24.599827842093703,0.14991666709067175,0.14991666709067175,0.6131583301780775
frame_00961,961,24.43702811741727,5.265756445661849,28.675627458149673,4.238599340732403,4.238599340732403,17.344986961452076,24.932955330078443,0.49592721266117223,0.49592721266117223,2.0294088556034544,24.661422934751368,0.2243948173340975,0.2243948173340975,0.9182573930672123
frame_00962,962,24.4340053054535,5.4071250019811785,98.26971639569085,73.83571109023735,73.83571109023735,302.18423122695214,25.007174711396516,0.5731694059430161,0.5731694059430161,2.3457857145307597,26.198046116453714,1.7640408110002141,1.7640408110002141,7.219613767565535
frame_00963,963,24.42198543350421,5.47309918035374,26.79676705311351,2.3747816196092977,2.3747816196092977,9.72394986507266,25.177454748799146,0.7554693152949348,0.7554693152949348,3.0933984354053212,26.271263058428957,1.8492776249247456,1.8492776249247456,7.572183801189829
frame_00964,964,24.42461520961541,5.524234063841103,5104.467311123148,5080.042695913532,5080.042695913532,20798.864802232936,24.819583369211582,0.3949681595961714,0.3949681595961714,1.6170906120997208,25.666107378703934,1.2414921690885237,1.2414921690885237,5.082954873327039
frame_00965,965,24.41555117363963,5.563666893097504,50398.301275281774,50373.885724108135,50373.885724108135,206318.8554125067,25.35824444032256,0.9426932666829302,0.9426932666829302,3.8610361895115175,25.88234322504581,1.466792051406177,1.466792051406177,6.007613921858975
frame_00966,966,24.413980332003923,5.651954519563548,140210.7912223591,140186.3772420271,140186.3772420271,574205.333729457,25.233338165811844,0.8193578338079206,0.8193578338079206,3.3561009825744663,25.9665260974743,1.5525457654703771,1.5525457654703771,6.359248858061739
frame_00967,967,24.41426007288798,5.734543828822909,5869.002228476331,5844.587968403443,5844.587968403443,23939.23858824562,24.747934090664454,0.3336740177764739,0.3336740177764739,1.3667177165324729,25.234617245048785,0.8203571721608043,0.8203571721608043,3.3601557848227004
frame_00968,968,24.405018004788428,5.75720537883899,7223.425036566483,7199.020018561694,7199.020018561694,29498.113941768854,25.119540488710463,0.7145224839220354,0.7145224839220354,2.9277687227349776,25.499906581703854,1.0948885769154266,1.0948885769154266,4.486325626560087
frame_00969,969,24.40652608969584,5.766897010094432,871.6414521999693,847.2349261102735,847.2349261102735,3471.34583183457,24.320901146320402,-0.08562494337543924,0.08562494337543924,0.3508280656606395,25.0682047133327,0.6616786236368597,0.6616786236368597,2.7110725270984504
frame_00970,970,24.404218952155823,5.7103738068005905,3689.035762526314,3664.631543574158,3664.631543574158,15016.385284686325,24.983562947253212,0.5793439950973891,0.5793439950973891,2.373950160966782,25.59154202687438,1.187323074718556,1.187323074718556,4.865236937294688
frame_00971,971,24.412633473444956,5.661591874000619,15830.630536431387,15806.217902957942,15806.217902957942,64746.05830686512,24.974451254857982,0.5618177814130263,0.5618177814130263,2.3013403368552936,25.538654489912453,1.1260210164674973,1.1260210164674973,4.612452063774013
frame_00972,972,24.40979110152318,5.577508390030572,127.09581065730072,102.68601955577753,102.68601955577753,420.6755360121451,25.279247548819402,0.8694564472962227,0.8694564472962227,3.5619167885544436,25.735551725762623,1.325760624239443,1.325760624239443,5.431265752031426
frame_00973,973,24.402043180840757,5.5801087286967475,23.38748917418031,-1.0145540066604468,1.0145540066604468,4.157660074370424,27.06924613134621,2.6672029505054518,2.6672029505054518,10.930244368224068,28.18434737072205,3.7823041898812946,3.7823041898812946,15.499948761876496
frame_00974,974,24.407613889622986,5.575713986089466,26.53886751872329,2.1312536291003035,2.1312536291003035,8.731921271527554,28.392299180960386,3.9846852913373993,3.9846852913373993,16.325583112536485,28.884557947743513,4.476944058120527,4.476944058120527,18.342407735415385
frame_00975,975,24.41666886662942,5.460663594866195,175822.40766932792,175797.9910004613,175797.9910004613,719991.7071436667,25.32257145262213,0.9059025859927132,0.9059025859927132,3.710180905270097,25.99416991514308,1.5775010485136605,1.5775010485136605,6.4607545653766545
frame_00976,976,24.41707209843406,5.300575382709094,27.528081102720705,3.1110090042866467,3.1110090042866467,12.741122243260957,25.643461258067298,1.2263891596332392,1.2263891596332392,5.022670837392872,25.707836134272664,1.290764035838606,1.290764035838606,5.2863178297343305
frame_00977,977,24.430835177743585,5.172547560182038,23.517650537245537,-0.9131846404980486,0.9131846404980486,3.7378363607068046,24.607726763159437,0.17689158541585215,0.17689158541585215,0.7240505047367346,25.08814682801836,0.6573116502747745,0.6573116502747745,2.6905001220489724
frame_00978,978,24.433910801569382,5.007510179941611,20.733038554154625,-3.7008722474147575,3.7008722474147575,15.146458859860665,25.22611419776324,0.7922033961938588,0.7922033961938588,3.2422292224418525,25.752544555785033,1.31863375421565,1.31863375421565,5.396736383808665
frame_00979,979,24.434747904199895,4.837704320628782,41.266397908644755,16.83165000444486,16.83165000444486,68.88407472193236,25.369278597402953,0.9345306932030581,0.9345306932030581,3.824597236963632,25.739018962239243,1.3042710580393475,1.3042710580393475,5.337771697718914
frame_00980,980,24.446426367902916,4.684874758506031,23.066490797815558,-1.3799355700873583,1.3799355700873583,5.644733300975037,25.394005426409784,0.947579058506868,0.947579058506868,3.876145512012331,25.36917570174855,0.9227493338456334,0.9227493338456334,3.774577600663804
